Accession	Description	Sum PEP Score	Coverage (%)	# Peptides	# PSMs	# Unique Peptides	Score Sequest HT	MG-H position (R)	Carboxyethyl position (R, K)	source_file	source_table	source_row
P61604	10 kDa heat shock protein, mitochondrial OS=Homo sapiens OX=9606 GN=HSPE1 PE=1 SV=2	197.177	100	28	364	7	937.32	MG-H [R7]		00-data-raw/Donnellan et al. - 2022/Supplementary S2. Full list of MGO modified proteins.xlsx	WIL2-NS	4
P31946	14-3-3 protein beta/alpha OS=Homo sapiens OX=9606 GN=YWHAB PE=1 SV=3	236.744	67.0731707317073	32	346	4	800.03		Carboxyethyl [R20]	00-data-raw/Donnellan et al. - 2022/Supplementary S2. Full list of MGO modified proteins.xlsx	WIL2-NS	5
P62258	14-3-3 protein epsilon OS=Homo sapiens OX=9606 GN=YWHAE PE=1 SV=1	229.838	69.8039215686274	34	607	33	1488.14		Carboxyethyl [K118, R141]	00-data-raw/Donnellan et al. - 2022/Supplementary S2. Full list of MGO modified proteins.xlsx	WIL2-NS	6
P63104	14-3-3 protein zeta/delta OS=Homo sapiens OX=9606 GN=YWHAZ PE=1 SV=1	257.042	77.9591836734694	34	367	25	844.39		Carboxyethyl [K3; R18]	00-data-raw/Donnellan et al. - 2022/Supplementary S2. Full list of MGO modified proteins.xlsx	WIL2-NS	7
Q13200	26S proteasome non-ATPase regulatory subunit 2 OS=Homo sapiens OX=9606 GN=PSMD2 PE=1 SV=3	344.741	43.6123348017621	61	376	61	970.98	MG-H [R6]		00-data-raw/Donnellan et al. - 2022/Supplementary S2. Full list of MGO modified proteins.xlsx	WIL2-NS	8
O75600	2-amino-3-ketobutyrate coenzyme A ligase, mitochondrial OS=Homo sapiens OX=9606 GN=GCAT PE=1 SV=1	45.046	24.8210023866348	11	41	11	98.3		Carboxyethyl [R28]	00-data-raw/Donnellan et al. - 2022/Supplementary S2. Full list of MGO modified proteins.xlsx	WIL2-NS	9
O95861	3'(2'),5'-bisphosphate nucleotidase 1 OS=Homo sapiens OX=9606 GN=BPNT1 PE=1 SV=1	114.64	62.6623376623376	24	145	24	339.08	MG-H [R52]		00-data-raw/Donnellan et al. - 2022/Supplementary S2. Full list of MGO modified proteins.xlsx	WIL2-NS	10
Q6P1L8	39S ribosomal protein L14, mitochondrial OS=Homo sapiens OX=9606 GN=MRPL14 PE=1 SV=1	60.567	59.3103448275862	11	52	11	143.09		Carboxyethyl [K34]	00-data-raw/Donnellan et al. - 2022/Supplementary S2. Full list of MGO modified proteins.xlsx	WIL2-NS	11
Q9NZE8	39S ribosomal protein L35, mitochondrial OS=Homo sapiens OX=9606 GN=MRPL35 PE=1 SV=3	26.88	23.4042553191489	7	21	7	39.63		Carboxyethyl [R169]	00-data-raw/Donnellan et al. - 2022/Supplementary S2. Full list of MGO modified proteins.xlsx	WIL2-NS	12
P42765	3-ketoacyl-CoA thiolase, mitochondrial OS=Homo sapiens OX=9606 GN=ACAA2 PE=1 SV=2	175.235	65.7430730478589	33	184	33	535.48		Carboxyethyl [R90]	00-data-raw/Donnellan et al. - 2022/Supplementary S2. Full list of MGO modified proteins.xlsx	WIL2-NS	13
P62841	40S ribosomal protein S15 OS=Homo sapiens OX=9606 GN=RPS15 PE=1 SV=2	152.067	71.0344827586206	20	286	7	783.35		Carboxyethyl [R130]	00-data-raw/Donnellan et al. - 2022/Supplementary S2. Full list of MGO modified proteins.xlsx	WIL2-NS	14
P15880	40S ribosomal protein S2 OS=Homo sapiens OX=9606 GN=RPS2 PE=1 SV=2	147.307	59.3856655290102	31	181	31	444.4		Carboxyethyl [K246]	00-data-raw/Donnellan et al. - 2022/Supplementary S2. Full list of MGO modified proteins.xlsx	WIL2-NS	15
P62851	40S ribosomal protein S25 OS=Homo sapiens OX=9606 GN=RPS25 PE=1 SV=1	160.66	69.6	27	182	27	466.87		Carboxyethyl [R76; K78]	00-data-raw/Donnellan et al. - 2022/Supplementary S2. Full list of MGO modified proteins.xlsx	WIL2-NS	16
P62854	40S ribosomal protein S26 OS=Homo sapiens OX=9606 GN=RPS26 PE=1 SV=3	35.654	45.2173913043478	5	51	5	130.91		Carboxyethyl [K113]	00-data-raw/Donnellan et al. - 2022/Supplementary S2. Full list of MGO modified proteins.xlsx	WIL2-NS	17
P62701	40S ribosomal protein S4, X isoform OS=Homo sapiens OX=9606 GN=RPS4X PE=1 SV=2	211.445	84.7908745247148	39	361	19	804.66		Carboxyethyl [K16]	00-data-raw/Donnellan et al. - 2022/Supplementary S2. Full list of MGO modified proteins.xlsx	WIL2-NS	18
P62753	40S ribosomal protein S6 OS=Homo sapiens OX=9606 GN=RPS6 PE=1 SV=1	295.314	76.7068273092369	41	374	41	971.58		Carboxyethyl [K14; K46]	00-data-raw/Donnellan et al. - 2022/Supplementary S2. Full list of MGO modified proteins.xlsx	WIL2-NS	19
Q9H0D6	5'-3' exoribonuclease 2 OS=Homo sapiens OX=9606 GN=XRN2 PE=1 SV=1	223.87	41.1578947368421	43	203	43	500.58	MG-H [R96]	Carboxyethyl [R93; R95]	00-data-raw/Donnellan et al. - 2022/Supplementary S2. Full list of MGO modified proteins.xlsx	WIL2-NS	20
P10809	60 kDa heat shock protein, mitochondrial OS=Homo sapiens OX=9606 GN=HSPD1 PE=1 SV=2	695.154	92.4956369982548	94	1491	94	4184.75		Carboxyethyl [K417]	00-data-raw/Donnellan et al. - 2022/Supplementary S2. Full list of MGO modified proteins.xlsx	WIL2-NS	21
F8W7C6	60S ribosomal protein L10 OS=Homo sapiens OX=9606 GN=RPL10 PE=1 SV=2	209.265	100	32	384	6	872.1		Carboxyethyl [K70; K121 ]	00-data-raw/Donnellan et al. - 2022/Supplementary S2. Full list of MGO modified proteins.xlsx	WIL2-NS	22
P26373	60S ribosomal protein L13 OS=Homo sapiens OX=9606 GN=RPL13 PE=1 SV=4	233.961	82.4644549763033	36	309	36	835.45		Carboxyethyl [R5]	00-data-raw/Donnellan et al. - 2022/Supplementary S2. Full list of MGO modified proteins.xlsx	WIL2-NS	23
P84098	60S ribosomal protein L19 OS=Homo sapiens OX=9606 GN=RPL19 PE=1 SV=1	190.98	71.4285714285714	33	372	33	833.56		Carboxyethyl [K21]	00-data-raw/Donnellan et al. - 2022/Supplementary S2. Full list of MGO modified proteins.xlsx	WIL2-NS	24
P46778	60S ribosomal protein L21 OS=Homo sapiens OX=9606 GN=RPL21 PE=1 SV=2	109.346	73.75	22	182	22	417.18	MG-H [R63]	Carboxyethyl [R32; K60]	00-data-raw/Donnellan et al. - 2022/Supplementary S2. Full list of MGO modified proteins.xlsx	WIL2-NS	25
P83731	60S ribosomal protein L24 OS=Homo sapiens OX=9606 GN=RPL24 PE=1 SV=1	103.26	77.0700636942675	25	121	25	298.85	MG-H [R80]	Carboxyethyl [R71]	00-data-raw/Donnellan et al. - 2022/Supplementary S2. Full list of MGO modified proteins.xlsx	WIL2-NS	26
P62899	60S ribosomal protein L31 OS=Homo sapiens OX=9606 GN=RPL31 PE=1 SV=1	57.456	74.4	15	74	15	177.22	MG-H [R92]	Carboxyethyl [K101]	00-data-raw/Donnellan et al. - 2022/Supplementary S2. Full list of MGO modified proteins.xlsx	WIL2-NS	27
P49207	60S ribosomal protein L34 OS=Homo sapiens OX=9606 GN=RPL34 PE=1 SV=3	91.732	82.051282051282	21	159	21	366.85	MG-H [R9; R10]		00-data-raw/Donnellan et al. - 2022/Supplementary S2. Full list of MGO modified proteins.xlsx	WIL2-NS	28
P36578	60S ribosomal protein L4 OS=Homo sapiens OX=9606 GN=RPL4 PE=1 SV=5	561.413	80.327868852459	83	834	21	2210.04	MG-H [R5]	Carboxyethyl [K29; R268; K274; K406]	00-data-raw/Donnellan et al. - 2022/Supplementary S2. Full list of MGO modified proteins.xlsx	WIL2-NS	29
Q92688	Acidic leucine-rich nuclear phosphoprotein 32 family member B OS=Homo sapiens OX=9606 GN=ANP32B PE=1 SV=1	102.319	32.2709163346613	15	107	10	261.21	MG-H [R75]	Carboxyethyl [K86]	00-data-raw/Donnellan et al. - 2022/Supplementary S2. Full list of MGO modified proteins.xlsx	WIL2-NS	30
P68032	Actin, alpha cardiac muscle 1 OS=Homo sapiens OX=9606 GN=ACTC1 PE=1 SV=1	410.573	53.315649867374	44	582	6	1437.95	MG-H [R39; R258; R337]	Carboxyethyl [R30; R39; K328; K330]	00-data-raw/Donnellan et al. - 2022/Supplementary S2. Full list of MGO modified proteins.xlsx	WIL2-NS	31
P60709	Actin, cytoplasmic 1 OS=Homo sapiens OX=9606 GN=ACTB PE=1 SV=1	908.498	94.3999999999999	78	1874	13	5104.11	MG-H [R28; R37; R39; R95; R206; R254; R256; R335]	Carboxyethyl [R28; R37; K50; K61; R95; K113; R116; K238; K326; K328; K359]	00-data-raw/Donnellan et al. - 2022/Supplementary S2. Full list of MGO modified proteins.xlsx	WIL2-NS	32
K7EM38	Actin, cytoplasmic 2 (Fragment) OS=Homo sapiens OX=9606 GN=ACTG1 PE=1 SV=1	371.13	81.9548872180451	25	595	7	1802.44	MG-H [R28; R37; R39; R95]	Carboxyethyl [R28; R37; K50; K61; R95]	00-data-raw/Donnellan et al. - 2022/Supplementary S2. Full list of MGO modified proteins.xlsx	WIL2-NS	33
P61160	Actin-related protein 2 OS=Homo sapiens OX=9606 GN=ACTR2 PE=1 SV=1	160.881	53.2994923857868	26	172	26	455.24		Carboxyethyl [R384; K388]	00-data-raw/Donnellan et al. - 2022/Supplementary S2. Full list of MGO modified proteins.xlsx	WIL2-NS	34
P07108	Acyl-CoA-binding protein OS=Homo sapiens OX=9606 GN=DBI PE=1 SV=2	140.924	100	17	202	17	630.7	MG-H [R44]		00-data-raw/Donnellan et al. - 2022/Supplementary S2. Full list of MGO modified proteins.xlsx	WIL2-NS	35
P23526	Adenosylhomocysteinase OS=Homo sapiens OX=9606 GN=AHCY PE=1 SV=4	315.25	61.3425925925925	46	381	45	1037.47		Carboxyethyl [K186]	00-data-raw/Donnellan et al. - 2022/Supplementary S2. Full list of MGO modified proteins.xlsx	WIL2-NS	36
A6NFX8	ADP-sugar pyrophosphatase OS=Homo sapiens OX=9606 GN=NUDT5 PE=1 SV=1	130.424	73.2758620689655	23	167	23	460.68		Carboxyethyl [R124]	00-data-raw/Donnellan et al. - 2022/Supplementary S2. Full list of MGO modified proteins.xlsx	WIL2-NS	37
P06733	Alpha-enolase OS=Homo sapiens OX=9606 GN=ENO1 PE=1 SV=2	945.802	96.5437788018433	112	2563	35	7151.63	MG-H [R56]	Carboxyethyl [K5; K54; K71; K193; K228; R253]	00-data-raw/Donnellan et al. - 2022/Supplementary S2. Full list of MGO modified proteins.xlsx	WIL2-NS	38
P40222	Alpha-taxilin OS=Homo sapiens OX=9606 GN=TXLNA PE=1 SV=3	239.184	72.3443223443223	40	182	39	481.46		Carboxyethyl [R545]	00-data-raw/Donnellan et al. - 2022/Supplementary S2. Full list of MGO modified proteins.xlsx	WIL2-NS	39
Q8TCU4	Alstrom syndrome protein 1 OS=Homo sapiens OX=9606 GN=ALMS1 PE=1 SV=4	22.336	2.32725527831094	9	15	8	19.88	MG-H [R2285]		00-data-raw/Donnellan et al. - 2022/Supplementary S2. Full list of MGO modified proteins.xlsx	WIL2-NS	40
A0A590UK20	Ankyrin repeat domain-containing protein 30B OS=Homo sapiens OX=9606 GN=ANKRD30B PE=4 SV=1	3.891	1.06685633001422	2	3	2	5.47		Carboxyethyl [K540]	00-data-raw/Donnellan et al. - 2022/Supplementary S2. Full list of MGO modified proteins.xlsx	WIL2-NS	41
Q12955	Ankyrin-3 OS=Homo sapiens OX=9606 GN=ANK3 PE=1 SV=3	6.961	0.936714644733835	3	3	3	0		Carboxyethyl [R2614; K2619]	00-data-raw/Donnellan et al. - 2022/Supplementary S2. Full list of MGO modified proteins.xlsx	WIL2-NS	42
P08133	Annexin A6 OS=Homo sapiens OX=9606 GN=ANXA6 PE=1 SV=3	472.282	76.2258543833581	77	667	25	1428.66		Carboxyethyl [R281]	00-data-raw/Donnellan et al. - 2022/Supplementary S2. Full list of MGO modified proteins.xlsx	WIL2-NS	43
Q9BXS5	AP-1 complex subunit mu-1 OS=Homo sapiens OX=9606 GN=AP1M1 PE=1 SV=3	71.247	43.498817966903	18	60	18	137.96	MG-H [R148]	Carboxyethyl [K333]	00-data-raw/Donnellan et al. - 2022/Supplementary S2. Full list of MGO modified proteins.xlsx	WIL2-NS	44
O95782	AP-2 complex subunit alpha-1 OS=Homo sapiens OX=9606 GN=AP2A1 PE=1 SV=3	178.967	39.4063459570112	42	185	31	437.91		Carboxyethyl [K290; K296]	00-data-raw/Donnellan et al. - 2022/Supplementary S2. Full list of MGO modified proteins.xlsx	WIL2-NS	45
P04114	Apolipoprotein B-100 OS=Homo sapiens OX=9606 GN=APOB PE=1 SV=2	7.739	1.11768573307034	3	10	2	13.87		Carboxyethyl [K2796]	00-data-raw/Donnellan et al. - 2022/Supplementary S2. Full list of MGO modified proteins.xlsx	WIL2-NS	46
Q15057	Arf-GAP with coiled-coil, ANK repeat and PH domain-containing protein 2 OS=Homo sapiens OX=9606 GN=ACAP2 PE=1 SV=3	99.695	39.331619537275	27	90	26	154.78		Carboxyethyl [K465; K485; K489]	00-data-raw/Donnellan et al. - 2022/Supplementary S2. Full list of MGO modified proteins.xlsx	WIL2-NS	47
K7ENF0	Asparagine--tRNA ligase, cytoplasmic OS=Homo sapiens OX=9606 GN=NARS1 PE=1 SV=1	17.062	63.8297872340425	4	14	2	25.09		Carboxyethyl [R10]	00-data-raw/Donnellan et al. - 2022/Supplementary S2. Full list of MGO modified proteins.xlsx	WIL2-NS	48
P00505	Aspartate aminotransferase, mitochondrial OS=Homo sapiens OX=9606 GN=GOT2 PE=1 SV=3	322.737	79.3023255813953	48	412	48	1100.7	MG-H [R125]		00-data-raw/Donnellan et al. - 2022/Supplementary S2. Full list of MGO modified proteins.xlsx	WIL2-NS	49
P25705	ATP synthase subunit alpha, mitochondrial OS=Homo sapiens OX=9606 GN=ATP5F1A PE=1 SV=1	520.109	83.1826401446654	86	932	86	1975.6	MG-H [R171; R347; R424]	Carboxyethyl [R424; K427]	00-data-raw/Donnellan et al. - 2022/Supplementary S2. Full list of MGO modified proteins.xlsx	WIL2-NS	50
P06576	ATP synthase subunit beta, mitochondrial OS=Homo sapiens OX=9606 GN=ATP5F1B PE=1 SV=3	377.073	69.7542533081285	49	573	49	1505.03	MG-H [R109; R345]	Carboxyethyl [R44; R121]	00-data-raw/Donnellan et al. - 2022/Supplementary S2. Full list of MGO modified proteins.xlsx	WIL2-NS	51
G3V325	ATP5MF-PTCD1 readthrough OS=Homo sapiens OX=9606 GN=ATP5MF-PTCD1 PE=4 SV=1	33.055	14.1522029372496	9	30	9	54.73	MG-H [R435]		00-data-raw/Donnellan et al. - 2022/Supplementary S2. Full list of MGO modified proteins.xlsx	WIL2-NS	52
Q9GZR7	ATP-dependent RNA helicase DDX24 OS=Homo sapiens OX=9606 GN=DDX24 PE=1 SV=1	286.652	56.3445867287543	46	271	46	770.54		Carboxyethyl [R228]	00-data-raw/Donnellan et al. - 2022/Supplementary S2. Full list of MGO modified proteins.xlsx	WIL2-NS	53
O15523	ATP-dependent RNA helicase DDX3Y OS=Homo sapiens OX=9606 GN=DDX3Y PE=1 SV=2	237.756	53.9393939393939	38	298	8	779.45		Carboxyethyl [K215]	00-data-raw/Donnellan et al. - 2022/Supplementary S2. Full list of MGO modified proteins.xlsx	WIL2-NS	54
A0A087WYN9	ATP-dependent RNA helicase DHX29 OS=Homo sapiens OX=9606 GN=DHX29 PE=1 SV=1	121.766	25.5474452554744	27	86	26	203.03	MG-H [R1155; R1162]	Carboxyethyl [R1149]	00-data-raw/Donnellan et al. - 2022/Supplementary S2. Full list of MGO modified proteins.xlsx	WIL2-NS	55
Q8NDG6	ATP-dependent RNA helicase TDRD9 OS=Homo sapiens OX=9606 GN=TDRD9 PE=2 SV=3	3.706	2.09840810419681	2	2	2	0	MG-H [R197]	Carboxyethyl [K201; K1121]	00-data-raw/Donnellan et al. - 2022/Supplementary S2. Full list of MGO modified proteins.xlsx	WIL2-NS	56
F8WCU9	AT-rich interactive domain-containing protein 2 (Fragment) OS=Homo sapiens OX=9606 GN=ARID2 PE=1 SV=2	92.002	17.0261066969353	22	59	22	114.25		Carboxyethyl [R227]	00-data-raw/Donnellan et al. - 2022/Supplementary S2. Full list of MGO modified proteins.xlsx	WIL2-NS	57
Q68CP9	AT-rich interactive domain-containing protein 2 OS=Homo sapiens OX=9606 GN=ARID2 PE=1 SV=2	71.925	17.1662125340599	22	60	22	111.97		Carboxyethyl [R253]	00-data-raw/Donnellan et al. - 2022/Supplementary S2. Full list of MGO modified proteins.xlsx	WIL2-NS	58
O15392	Baculoviral IAP repeat-containing protein 5 OS=Homo sapiens OX=9606 GN=BIRC5 PE=1 SV=3	17.534	27.4647887323943	5	16	5	20.84	MG-H [R37]	Carboxyethyl [K23]	00-data-raw/Donnellan et al. - 2022/Supplementary S2. Full list of MGO modified proteins.xlsx	WIL2-NS	59
O75531	Barrier-to-autointegration factor OS=Homo sapiens OX=9606 GN=BANF1 PE=1 SV=1	80.879	68.5393258426966	10	48	10	144.64		Carboxyethyl [R8]	00-data-raw/Donnellan et al. - 2022/Supplementary S2. Full list of MGO modified proteins.xlsx	WIL2-NS	60
P55061	Bax inhibitor 1 OS=Homo sapiens OX=9606 GN=TMBIM6 PE=1 SV=2	3.216	7.59493670886076	2	2	2	4.35		Carboxyethyl [K220]	00-data-raw/Donnellan et al. - 2022/Supplementary S2. Full list of MGO modified proteins.xlsx	WIL2-NS	61
O00512	B-cell CLL/lymphoma 9 protein OS=Homo sapiens OX=9606 GN=BCL9 PE=1 SV=4	20.277	8.76577840112202	8	16	8	35.58	MG-H [R215]		00-data-raw/Donnellan et al. - 2022/Supplementary S2. Full list of MGO modified proteins.xlsx	WIL2-NS	62
Q562R1	Beta-actin-like protein 2 OS=Homo sapiens OX=9606 GN=ACTBL2 PE=1 SV=2	125.689	47.3404255319148	19	451	4	924.64	MG-H [R255; R257]	Carboxyethyl [K329]	00-data-raw/Donnellan et al. - 2022/Supplementary S2. Full list of MGO modified proteins.xlsx	WIL2-NS	63
P13929	Beta-enolase OS=Homo sapiens OX=9606 GN=ENO3 PE=1 SV=5	126.349	38.2488479262672	21	440	5	1132.56		Carboxyethyl [R50]	00-data-raw/Donnellan et al. - 2022/Supplementary S2. Full list of MGO modified proteins.xlsx	WIL2-NS	64
P13995	Bifunctional methylenetetrahydrofolate dehydrogenase/cyclohydrolase, mitochondrial OS=Homo sapiens OX=9606 GN=MTHFD2 PE=1 SV=2	243.782	55.1428571428571	33	245	33	750.74		Carboxyethyl [K88]	00-data-raw/Donnellan et al. - 2022/Supplementary S2. Full list of MGO modified proteins.xlsx	WIL2-NS	65
Q96T60	Bifunctional polynucleotide phosphatase/kinase OS=Homo sapiens OX=9606 GN=PNKP PE=1 SV=1	42.6	27.447216890595	13	39	13	78.79		Carboxyethyl [R44; K45]	00-data-raw/Donnellan et al. - 2022/Supplementary S2. Full list of MGO modified proteins.xlsx	WIL2-NS	66
Q53S33	BolA-like protein 3 OS=Homo sapiens OX=9606 GN=BOLA3 PE=1 SV=1	29.848	68.2242990654205	6	14	6	37.06		Carboxyethyl [R14; R17]	00-data-raw/Donnellan et al. - 2022/Supplementary S2. Full list of MGO modified proteins.xlsx	WIL2-NS	67
P27824	Calnexin OS=Homo sapiens OX=9606 GN=CANX PE=1 SV=2	292.635	56.4189189189189	55	381	54	909.19		Carboxyethyl [R371]	00-data-raw/Donnellan et al. - 2022/Supplementary S2. Full list of MGO modified proteins.xlsx	WIL2-NS	68
P07384	Calpain-1 catalytic subunit OS=Homo sapiens OX=9606 GN=CAPN1 PE=1 SV=1	104.277	31.2324929971988	24	132	24	271.36		Carboxyethyl [R343]	00-data-raw/Donnellan et al. - 2022/Supplementary S2. Full list of MGO modified proteins.xlsx	WIL2-NS	69
O75808	Calpain-15 OS=Homo sapiens OX=9606 GN=CAPN15 PE=1 SV=1	16.93	5.80110497237569	5	12	5	9.61	MG-H [R446]	Carboxyethyl [R445]	00-data-raw/Donnellan et al. - 2022/Supplementary S2. Full list of MGO modified proteins.xlsx	WIL2-NS	70
Q8N4J0	Carnosine N-methyltransferase OS=Homo sapiens OX=9606 GN=CARNMT1 PE=1 SV=1	27.048	22.0048899755501	7	22	7	30.59		Carboxyethyl [K146]	00-data-raw/Donnellan et al. - 2022/Supplementary S2. Full list of MGO modified proteins.xlsx	WIL2-NS	71
P78368	Casein kinase I isoform gamma-2 OS=Homo sapiens OX=9606 GN=CSNK1G2 PE=1 SV=1	10.807	8.43373493975903	3	7	2	9.55		Carboxyethyl [K51]	00-data-raw/Donnellan et al. - 2022/Supplementary S2. Full list of MGO modified proteins.xlsx	WIL2-NS	72
Q03701	CCAAT/enhancer-binding protein zeta OS=Homo sapiens OX=9606 GN=CEBPZ PE=1 SV=3	235.227	38.4250474383301	36	188	36	495.79		Carboxyethyl [R1014; R1019]	00-data-raw/Donnellan et al. - 2022/Supplementary S2. Full list of MGO modified proteins.xlsx	WIL2-NS	73
Q9NPF0	CD320 antigen OS=Homo sapiens OX=9606 GN=CD320 PE=1 SV=1	20.598	17.0212765957446	5	15	5	29.21	MG-H [R62]		00-data-raw/Donnellan et al. - 2022/Supplementary S2. Full list of MGO modified proteins.xlsx	WIL2-NS	74
P16070	CD44 antigen OS=Homo sapiens OX=9606 GN=CD44 PE=1 SV=3	125.765	15.7681940700808	19	103	19	298.13		Carboxyethyl [R41]	00-data-raw/Donnellan et al. - 2022/Supplementary S2. Full list of MGO modified proteins.xlsx	WIL2-NS	75
J3KMY0	Cell division cycle-associated protein 3 OS=Homo sapiens OX=9606 GN=CDCA3 PE=1 SV=1	42.511	45.679012345679	10	45	10	110.19		Carboxyethyl [K59]	00-data-raw/Donnellan et al. - 2022/Supplementary S2. Full list of MGO modified proteins.xlsx	WIL2-NS	76
Q9NX58	Cell growth-regulating nucleolar protein OS=Homo sapiens OX=9606 GN=LYAR PE=1 SV=2	178.961	71.7678100263852	33	201	33	470.78		Carboxyethyl [K247]	00-data-raw/Donnellan et al. - 2022/Supplementary S2. Full list of MGO modified proteins.xlsx	WIL2-NS	77
Q7Z7A1	Centriolin OS=Homo sapiens OX=9606 GN=CNTRL PE=1 SV=2	38.259	5.50537634408602	9	15	9	41.52		Carboxyethyl [K305]	00-data-raw/Donnellan et al. - 2022/Supplementary S2. Full list of MGO modified proteins.xlsx	WIL2-NS	78
Q02224	Centromere-associated protein E OS=Homo sapiens OX=9606 GN=CENPE PE=1 SV=2	5.897	1.14772306553128	3	5	2	7.09		Carboxyethyl [K1520]	00-data-raw/Donnellan et al. - 2022/Supplementary S2. Full list of MGO modified proteins.xlsx	WIL2-NS	79
Q9BV73	Centrosome-associated protein CEP250 OS=Homo sapiens OX=9606 GN=CEP250 PE=1 SV=2	42.254	6.96150696150696	12	24	11	25.83		Carboxyethyl [K1972]	00-data-raw/Donnellan et al. - 2022/Supplementary S2. Full list of MGO modified proteins.xlsx	WIL2-NS	80
Q13112	Chromatin assembly factor 1 subunit B OS=Homo sapiens OX=9606 GN=CHAF1B PE=1 SV=1	46.9	31.4847942754919	14	40	14	73.95	MG-H [R42]	Carboxyethyl [K45]	00-data-raw/Donnellan et al. - 2022/Supplementary S2. Full list of MGO modified proteins.xlsx	WIL2-NS	81
Q9ULG1	Chromatin-remodeling ATPase INO80 OS=Homo sapiens OX=9606 GN=INO80 PE=1 SV=2	28.04	6.29820051413881	8	17	8	25.44	MG-H [R477; R482]		00-data-raw/Donnellan et al. - 2022/Supplementary S2. Full list of MGO modified proteins.xlsx	WIL2-NS	82
Q13185	Chromobox protein homolog 3 OS=Homo sapiens OX=9606 GN=CBX3 PE=1 SV=4	146.205	72.6775956284153	22	133	20	379.38		Carboxyethyl [R115]	00-data-raw/Donnellan et al. - 2022/Supplementary S2. Full list of MGO modified proteins.xlsx	WIL2-NS	83
Q96JM3	Chromosome alignment-maintaining phosphoprotein 1 OS=Homo sapiens OX=9606 GN=CHAMP1 PE=1 SV=2	166.653	49.7536945812807	43	119	43	285.72		Carboxyethyl [K381; K391]	00-data-raw/Donnellan et al. - 2022/Supplementary S2. Full list of MGO modified proteins.xlsx	WIL2-NS	84
Q8IV76	Circadian clock protein PASD1 OS=Homo sapiens OX=9606 GN=PASD1 PE=1 SV=1	4.954	3.8809831824062	2	5	2	5.93	MG-H [R582]		00-data-raw/Donnellan et al. - 2022/Supplementary S2. Full list of MGO modified proteins.xlsx	WIL2-NS	85
P33240	Cleavage stimulation factor subunit 2 OS=Homo sapiens OX=9606 GN=CSTF2 PE=1 SV=1	143.862	57.8856152512998	32	211	22	463.15		Carboxyethyl [K537]	00-data-raw/Donnellan et al. - 2022/Supplementary S2. Full list of MGO modified proteins.xlsx	WIL2-NS	86
P23528	Cofilin-1 OS=Homo sapiens OX=9606 GN=CFL1 PE=1 SV=3	185.91	75.9036144578313	31	198	21	515.77		Carboxyethyl [K33; K34]	00-data-raw/Donnellan et al. - 2022/Supplementary S2. Full list of MGO modified proteins.xlsx	WIL2-NS	87
J3KSU3	Coiled-coil domain-containing protein 178 (Fragment) OS=Homo sapiens OX=9606 GN=CCDC178 PE=4 SV=1	3.098	7.96703296703296	2	2	2	1.68		Carboxyethyl [K162]	00-data-raw/Donnellan et al. - 2022/Supplementary S2. Full list of MGO modified proteins.xlsx	WIL2-NS	88
Q8IV32	Coiled-coil domain-containing protein 71 OS=Homo sapiens OX=9606 GN=CCDC71 PE=1 SV=3	6.146	4.06852248394004	2	3	2	4.8		Carboxyethyl [K242]	00-data-raw/Donnellan et al. - 2022/Supplementary S2. Full list of MGO modified proteins.xlsx	WIL2-NS	89
Q6UUV7	CREB-regulated transcription coactivator 3 OS=Homo sapiens OX=9606 GN=CRTC3 PE=1 SV=2	10.055	9.20840064620355	4	15	4	29.14	MG-H [R525; R534]		00-data-raw/Donnellan et al. - 2022/Supplementary S2. Full list of MGO modified proteins.xlsx	WIL2-NS	90
Q93034	Cullin-5 OS=Homo sapiens OX=9606 GN=CUL5 PE=1 SV=4	24.264	12.1794871794871	9	18	9	23.91	MG-H [R726]		00-data-raw/Donnellan et al. - 2022/Supplementary S2. Full list of MGO modified proteins.xlsx	WIL2-NS	91
Q2TBE0	CWF19-like protein 2 OS=Homo sapiens OX=9606 GN=CWF19L2 PE=1 SV=4	14.679	4.47427293064877	4	6	4	10.68	MG-H [R29]		00-data-raw/Donnellan et al. - 2022/Supplementary S2. Full list of MGO modified proteins.xlsx	WIL2-NS	92
Q9Y6N1	Cytochrome c oxidase assembly protein COX11, mitochondrial OS=Homo sapiens OX=9606 GN=COX11 PE=1 SV=3	10.082	18.1159420289855	3	8	3	29.01		Carboxyethyl [R62]	00-data-raw/Donnellan et al. - 2022/Supplementary S2. Full list of MGO modified proteins.xlsx	WIL2-NS	93
Q14061	Cytochrome c oxidase copper chaperone OS=Homo sapiens OX=9606 GN=COX17 PE=1 SV=2	79.243	87.3015873015873	7	35	7	131.07		Carboxyethyl [K21; K30; K31]	00-data-raw/Donnellan et al. - 2022/Supplementary S2. Full list of MGO modified proteins.xlsx	WIL2-NS	94
P13073	Cytochrome c oxidase subunit 4 isoform 1, mitochondrial OS=Homo sapiens OX=9606 GN=COX4I1 PE=1 SV=1	101.583	47.9289940828402	18	138	18	303.31		Carboxyethyl [K29]	00-data-raw/Donnellan et al. - 2022/Supplementary S2. Full list of MGO modified proteins.xlsx	WIL2-NS	95
P12074	Cytochrome c oxidase subunit 6A1, mitochondrial OS=Homo sapiens OX=9606 GN=COX6A1 PE=1 SV=4	62.848	54.1284403669724	5	73	5	219.29		Carboxyethyl [K60]	00-data-raw/Donnellan et al. - 2022/Supplementary S2. Full list of MGO modified proteins.xlsx	WIL2-NS	96
E7EVJ5	Cytoplasmic FMR1-interacting protein OS=Homo sapiens OX=9606 GN=CYFIP2 PE=1 SV=1	135.013	30.3178484107579	31	117	18	260.71		Carboxyethyl [K257]	00-data-raw/Donnellan et al. - 2022/Supplementary S2. Full list of MGO modified proteins.xlsx	WIL2-NS	97
Q14008	Cytoskeleton-associated protein 5 OS=Homo sapiens OX=9606 GN=CKAP5 PE=1 SV=3	445.952	49.1141732283464	88	425	88	1047.96		Carboxyethyl [R1718]	00-data-raw/Donnellan et al. - 2022/Supplementary S2. Full list of MGO modified proteins.xlsx	WIL2-NS	98
O43175	D-3-phosphoglycerate dehydrogenase OS=Homo sapiens OX=9606 GN=PHGDH PE=1 SV=4	267.975	71.4821763602251	48	403	48	1028.11	MG-H [R454]	Carboxyethyl [K21]	00-data-raw/Donnellan et al. - 2022/Supplementary S2. Full list of MGO modified proteins.xlsx	WIL2-NS	99
Q9Y4B6	DDB1- and CUL4-associated factor 1 OS=Homo sapiens OX=9606 GN=DCAF1 PE=1 SV=3	120.695	20.1725282017252	26	122	26	237.1		Carboxyethyl [K1062]	00-data-raw/Donnellan et al. - 2022/Supplementary S2. Full list of MGO modified proteins.xlsx	WIL2-NS	100
P30046	D-dopachrome decarboxylase OS=Homo sapiens OX=9606 GN=DDT PE=1 SV=3	82.575	72.8813559322033	14	90	14	239.74	MG-H [R37]	Carboxyethyl [R37]	00-data-raw/Donnellan et al. - 2022/Supplementary S2. Full list of MGO modified proteins.xlsx	WIL2-NS	101
Q9UER7	Death domain-associated protein 6 OS=Homo sapiens OX=9606 GN=DAXX PE=1 SV=2	42.541	20.5405405405405	11	29	11	74.9		Carboxyethyl [R227]	00-data-raw/Donnellan et al. - 2022/Supplementary S2. Full list of MGO modified proteins.xlsx	WIL2-NS	102
Q96HP0	Dedicator of cytokinesis protein 6 OS=Homo sapiens OX=9606 GN=DOCK6 PE=1 SV=3	139.08	19.8827552515876	34	106	23	173.81	MG-H [R1584]		00-data-raw/Donnellan et al. - 2022/Supplementary S2. Full list of MGO modified proteins.xlsx	WIL2-NS	103
Q96N67	Dedicator of cytokinesis protein 7 OS=Homo sapiens OX=9606 GN=DOCK7 PE=1 SV=4	75.618	10.8878504672897	20	57	15	90.02	MG-H [R1675]		00-data-raw/Donnellan et al. - 2022/Supplementary S2. Full list of MGO modified proteins.xlsx	WIL2-NS	104
G3V1S3	DENN domain-containing protein 5B OS=Homo sapiens OX=9606 GN=DENND5B PE=1 SV=1	3.884	1.4514896867838	2	2	2	0		Carboxyethyl [K776; R779]	00-data-raw/Donnellan et al. - 2022/Supplementary S2. Full list of MGO modified proteins.xlsx	WIL2-NS	105
Q9NZJ0	Denticleless protein homolog OS=Homo sapiens OX=9606 GN=DTL PE=1 SV=3	16.188	8.08219178082191	6	25	6	38.56		Carboxyethyl [K137]	00-data-raw/Donnellan et al. - 2022/Supplementary S2. Full list of MGO modified proteins.xlsx	WIL2-NS	106
P60981	Destrin OS=Homo sapiens OX=9606 GN=DSTN PE=1 SV=3	115.263	48.4848484848484	17	101	10	192.65		Carboxyethyl [K127]	00-data-raw/Donnellan et al. - 2022/Supplementary S2. Full list of MGO modified proteins.xlsx	WIL2-NS	107
Q9BW61	DET1- and DDB1-associated protein 1 OS=Homo sapiens OX=9606 GN=DDA1 PE=1 SV=1	15.868	71.5686274509803	5	19	5	31.88		Carboxyethyl [K70; K71; R72]	00-data-raw/Donnellan et al. - 2022/Supplementary S2. Full list of MGO modified proteins.xlsx	WIL2-NS	108
Q16555	Dihydropyrimidinase-related protein 2 OS=Homo sapiens OX=9606 GN=DPYSL2 PE=1 SV=1	247.695	71.1538461538461	38	243	36	718.6		Carboxyethyl [K293]	00-data-raw/Donnellan et al. - 2022/Supplementary S2. Full list of MGO modified proteins.xlsx	WIL2-NS	109
Q9Y4D1	Disheveled-associated activator of morphogenesis 1 OS=Homo sapiens OX=9606 GN=DAAM1 PE=1 SV=2	20.066	7.97773654916512	7	10	7	16.02		Carboxyethyl [K239; K904; K914]	00-data-raw/Donnellan et al. - 2022/Supplementary S2. Full list of MGO modified proteins.xlsx	WIL2-NS	110
A0A0A0MSL1	Disks large homolog 5 (Fragment) OS=Homo sapiens OX=9606 GN=DLG5 PE=1 SV=1	2.756	2.5	2	2	2	0	MG-H [R299; R300]		00-data-raw/Donnellan et al. - 2022/Supplementary S2. Full list of MGO modified proteins.xlsx	WIL2-NS	111
Q92547	DNA topoisomerase 2-binding protein 1 OS=Homo sapiens OX=9606 GN=TOPBP1 PE=1 SV=3	103.502	20.6307490144546	27	83	27	159.91		Carboxyethyl [K1421]	00-data-raw/Donnellan et al. - 2022/Supplementary S2. Full list of MGO modified proteins.xlsx	WIL2-NS	112
F8W689	DNA-binding protein RFX5 (Fragment) OS=Homo sapiens OX=9606 GN=RFX5 PE=1 SV=1	71.487	35.738255033557	18	44	18	100.62		Carboxyethyl [K265; K267; K279]	00-data-raw/Donnellan et al. - 2022/Supplementary S2. Full list of MGO modified proteins.xlsx	WIL2-NS	113
O95602	DNA-directed RNA polymerase I subunit RPA1 OS=Homo sapiens OX=9606 GN=POLR1A PE=1 SV=2	276.865	39.6511627906976	58	255	57	637.01	MG-H [R667]	Carboxyethyl [K664]	00-data-raw/Donnellan et al. - 2022/Supplementary S2. Full list of MGO modified proteins.xlsx	WIL2-NS	114
C9J2Y9	DNA-directed RNA polymerase subunit beta OS=Homo sapiens OX=9606 GN=POLR2B PE=1 SV=2	195.219	38.9031705227077	44	131	44	310.73	MG-H [R1016]		00-data-raw/Donnellan et al. - 2022/Supplementary S2. Full list of MGO modified proteins.xlsx	WIL2-NS	115
O75937	DnaJ homolog subfamily C member 8 OS=Homo sapiens OX=9606 GN=DNAJC8 PE=1 SV=2	150.438	55.3359683794466	26	155	26	388.08		Carboxyethyl [K159]	00-data-raw/Donnellan et al. - 2022/Supplementary S2. Full list of MGO modified proteins.xlsx	WIL2-NS	116
O60216	Double-strand-break repair protein rad21 homolog OS=Homo sapiens OX=9606 GN=RAD21 PE=1 SV=2	127.065	35.6576862123613	24	141	24	350.72		Carboxyethyl [R590]	00-data-raw/Donnellan et al. - 2022/Supplementary S2. Full list of MGO modified proteins.xlsx	WIL2-NS	117
E5RHK8	Dynamin-3 OS=Homo sapiens OX=9606 GN=DNM3 PE=1 SV=1	62.228	23.0046948356807	16	58	3	122.4	MG-H [R256]	Carboxyethyl [K249; K257]	00-data-raw/Donnellan et al. - 2022/Supplementary S2. Full list of MGO modified proteins.xlsx	WIL2-NS	118
Q86Y56	Dynein assembly factor 5, axonemal OS=Homo sapiens OX=9606 GN=DNAAF5 PE=1 SV=4	88.986	27.1345029239766	24	106	24	224.18	MG-H [R33]		00-data-raw/Donnellan et al. - 2022/Supplementary S2. Full list of MGO modified proteins.xlsx	WIL2-NS	119
Q96L91	E1A-binding protein p400 OS=Homo sapiens OX=9606 GN=EP400 PE=1 SV=4	136.855	14.3083254194365	34	116	31	263.5	MG-H [R893]		00-data-raw/Donnellan et al. - 2022/Supplementary S2. Full list of MGO modified proteins.xlsx	WIL2-NS	120
P49792	E3 SUMO-protein ligase RanBP2 OS=Homo sapiens OX=9606 GN=RANBP2 PE=1 SV=2	694.637	48.045905707196	148	654	147	1503.6		Carboxyethyl [R957; K3177]	00-data-raw/Donnellan et al. - 2022/Supplementary S2. Full list of MGO modified proteins.xlsx	WIL2-NS	121
O75150	E3 ubiquitin-protein ligase BRE1B OS=Homo sapiens OX=9606 GN=RNF40 PE=1 SV=5	168.644	45.4545454545454	45	109	42	200.2		Carboxyethyl [K547]	00-data-raw/Donnellan et al. - 2022/Supplementary S2. Full list of MGO modified proteins.xlsx	WIL2-NS	122
Q8TDB6	E3 ubiquitin-protein ligase DTX3L OS=Homo sapiens OX=9606 GN=DTX3L PE=1 SV=1	20.913	11.7567567567567	8	15	8	18.39		Carboxyethyl [R671]	00-data-raw/Donnellan et al. - 2022/Supplementary S2. Full list of MGO modified proteins.xlsx	WIL2-NS	123
Q06587	E3 ubiquitin-protein ligase RING1 OS=Homo sapiens OX=9606 GN=RING1 PE=1 SV=2	75.163	45.0738916256157	13	62	13	151.62		Carboxyethyl [K12]	00-data-raw/Donnellan et al. - 2022/Supplementary S2. Full list of MGO modified proteins.xlsx	WIL2-NS	124
Q5TDE7	E3 ubiquitin-protein ligase RNF220 (Fragment) OS=Homo sapiens OX=9606 GN=RNF220 PE=1 SV=1	9.47	11.1969111969111	3	10	3	20.43		Carboxyethyl [R34]	00-data-raw/Donnellan et al. - 2022/Supplementary S2. Full list of MGO modified proteins.xlsx	WIL2-NS	125
Q5T4S7	E3 ubiquitin-protein ligase UBR4 OS=Homo sapiens OX=9606 GN=UBR4 PE=1 SV=1	528.636	23.5963727570904	112	481	112	1019.93	MG-H [R622]	Carboxyethyl [K624]	00-data-raw/Donnellan et al. - 2022/Supplementary S2. Full list of MGO modified proteins.xlsx	WIL2-NS	126
Q15075	Early endosome antigen 1 OS=Homo sapiens OX=9606 GN=EEA1 PE=1 SV=2	314.232	53.2955350815024	68	286	68	678		Carboxyethyl [K1202]	00-data-raw/Donnellan et al. - 2022/Supplementary S2. Full list of MGO modified proteins.xlsx	WIL2-NS	127
Q53HC9	EARP and GARP complex-interacting protein 1 OS=Homo sapiens OX=9606 GN=EIPR1 PE=1 SV=2	66.107	40.0516795865633	14	55	14	135.62		Carboxyethyl [R77]	00-data-raw/Donnellan et al. - 2022/Supplementary S2. Full list of MGO modified proteins.xlsx	WIL2-NS	128
Q9H223	EH domain-containing protein 4 OS=Homo sapiens OX=9606 GN=EHD4 PE=1 SV=1	112.064	50.2772643253234	28	88	21	216.11		Carboxyethyl [R130]	00-data-raw/Donnellan et al. - 2022/Supplementary S2. Full list of MGO modified proteins.xlsx	WIL2-NS	129
P68104	Elongation factor 1-alpha 1 OS=Homo sapiens OX=9606 GN=EEF1A1 PE=1 SV=1	600.019	83.1168831168831	71	1522	4	3672.82		Carboxyethyl [K41; R134; K439; K450]	00-data-raw/Donnellan et al. - 2022/Supplementary S2. Full list of MGO modified proteins.xlsx	WIL2-NS	130
P26641	Elongation factor 1-gamma OS=Homo sapiens OX=9606 GN=EEF1G PE=1 SV=3	208.507	51.9450800915331	35	281	35	646.37		Carboxyethyl [K277; K434]	00-data-raw/Donnellan et al. - 2022/Supplementary S2. Full list of MGO modified proteins.xlsx	WIL2-NS	131
P13639	Elongation factor 2 OS=Homo sapiens OX=9606 GN=EEF2 PE=1 SV=4	1031.236	80.4195804195804	123	1525	121	3969.93	MG-H [R456; R506; R647]	Carboxyethyl [R264; K407]	00-data-raw/Donnellan et al. - 2022/Supplementary S2. Full list of MGO modified proteins.xlsx	WIL2-NS	132
Q7Z2Z2	Elongation factor-like GTPase 1 OS=Homo sapiens OX=9606 GN=EFL1 PE=1 SV=2	64.303	17.1428571428571	17	47	17	78.38		Carboxyethyl [K184; R189; R192]	00-data-raw/Donnellan et al. - 2022/Supplementary S2. Full list of MGO modified proteins.xlsx	WIL2-NS	133
Q9NYP7	Elongation of very long chain fatty acids protein 5 OS=Homo sapiens OX=9606 GN=ELOVL5 PE=1 SV=1	8.556	11.0367892976588	2	4	2	7.21		Carboxyethyl [K263; K267]	00-data-raw/Donnellan et al. - 2022/Supplementary S2. Full list of MGO modified proteins.xlsx	WIL2-NS	134
Q9YNA8	Endogenous retrovirus group K member 19 Gag polyprotein OS=Homo sapiens OX=9606 GN=ERVK-19 PE=1 SV=3	4.272	4.95495495495495	2	6	2	8.71		Carboxyethyl [K166; R540]	00-data-raw/Donnellan et al. - 2022/Supplementary S2. Full list of MGO modified proteins.xlsx	WIL2-NS	135
P14625	Endoplasmin OS=Homo sapiens OX=9606 GN=HSP90B1 PE=1 SV=1	594.788	73.4744707347447	94	861	92	2073.39		Carboxyethyl [K532; K534; K537; K547]	00-data-raw/Donnellan et al. - 2022/Supplementary S2. Full list of MGO modified proteins.xlsx	WIL2-NS	136
Q8N5V2	Ephexin-1 OS=Homo sapiens OX=9606 GN=NGEF PE=1 SV=2	3.177	3.94366197183098	2	2	2	0	MG-H [R418]		00-data-raw/Donnellan et al. - 2022/Supplementary S2. Full list of MGO modified proteins.xlsx	WIL2-NS	137
A0A0G2JNZ7	Epithelial discoidin domain-containing receptor 1 OS=Homo sapiens OX=9606 GN=DDR1 PE=1 SV=1	2.933	2.73794002607561	2	4	2	3.42	MG-H [R749]		00-data-raw/Donnellan et al. - 2022/Supplementary S2. Full list of MGO modified proteins.xlsx	WIL2-NS	138
Q7L775	EPM2A-interacting protein 1 OS=Homo sapiens OX=9606 GN=EPM2AIP1 PE=1 SV=1	24.318	14.827018121911	8	14	8	26.9		Carboxyethyl [K346; K349]	00-data-raw/Donnellan et al. - 2022/Supplementary S2. Full list of MGO modified proteins.xlsx	WIL2-NS	139
P60842	Eukaryotic initiation factor 4A-I OS=Homo sapiens OX=9606 GN=EIF4A1 PE=1 SV=1	298.711	62.0689655172413	39	478	20	1228.84		Carboxyethyl [K146]	00-data-raw/Donnellan et al. - 2022/Supplementary S2. Full list of MGO modified proteins.xlsx	WIL2-NS	140
O00303	Eukaryotic translation initiation factor 3 subunit F OS=Homo sapiens OX=9606 GN=EIF3F PE=1 SV=1	111.181	39.2156862745098	16	127	16	326.48		Carboxyethyl [R226]	00-data-raw/Donnellan et al. - 2022/Supplementary S2. Full list of MGO modified proteins.xlsx	WIL2-NS	141
P15311	Ezrin OS=Homo sapiens OX=9606 GN=EZR PE=1 SV=4	407.953	60.9215017064846	64	528	44	1179.3	MG-H [R273]	Carboxyethyl [R273]	00-data-raw/Donnellan et al. - 2022/Supplementary S2. Full list of MGO modified proteins.xlsx	WIL2-NS	142
Q96AE4	Far upstream element-binding protein 1 OS=Homo sapiens OX=9606 GN=FUBP1 PE=1 SV=3	384.015	68.0124223602484	58	517	3	1371.29		Carboxyethyl [K196; K584]	00-data-raw/Donnellan et al. - 2022/Supplementary S2. Full list of MGO modified proteins.xlsx	WIL2-NS	143
Q92945	Far upstream element-binding protein 2 OS=Homo sapiens OX=9606 GN=KHSRP PE=1 SV=4	432.222	77.6371308016877	62	579	55	1618.39		Carboxyethyl [K203; K205; K244]	00-data-raw/Donnellan et al. - 2022/Supplementary S2. Full list of MGO modified proteins.xlsx	WIL2-NS	144
P49327	Fatty acid synthase OS=Homo sapiens OX=9606 GN=FASN PE=1 SV=3	1228.877	59.2194344882516	196	1489	195	3889.16		Carboxyethyl [R1171]	00-data-raw/Donnellan et al. - 2022/Supplementary S2. Full list of MGO modified proteins.xlsx	WIL2-NS	145
Q01469	Fatty acid-binding protein 5 OS=Homo sapiens OX=9606 GN=FABP5 PE=1 SV=3	378.748	95.5555555555555	28	281	28	1093.59	MG-H [R109]	Carboxyethyl [K103]	00-data-raw/Donnellan et al. - 2022/Supplementary S2. Full list of MGO modified proteins.xlsx	WIL2-NS	146
O14526	F-BAR domain only protein 1 OS=Homo sapiens OX=9606 GN=FCHO1 PE=1 SV=2	54.913	18.5601799775028	14	59	14	131.35	MG-H [R260]	Carboxyethyl [K281]	00-data-raw/Donnellan et al. - 2022/Supplementary S2. Full list of MGO modified proteins.xlsx	WIL2-NS	147
Q6PIJ6	F-box only protein 38 OS=Homo sapiens OX=9606 GN=FBXO38 PE=1 SV=3	33.219	12.4579124579124	11	19	11	24.4	MG-H [R992; R997]	Carboxyethyl [K980]	00-data-raw/Donnellan et al. - 2022/Supplementary S2. Full list of MGO modified proteins.xlsx	WIL2-NS	148
Q9NXK8	F-box/LRR-repeat protein 12 OS=Homo sapiens OX=9606 GN=FBXL12 PE=1 SV=1	18.645	17.7914110429447	5	13	5	28.12		Carboxyethyl [K305]	00-data-raw/Donnellan et al. - 2022/Supplementary S2. Full list of MGO modified proteins.xlsx	WIL2-NS	149
Q6PCT2	F-box/LRR-repeat protein 19 OS=Homo sapiens OX=9606 GN=FBXL19 PE=1 SV=3	3.709	3.1700288184438	2	2	2	1.7		Carboxyethyl [K240]	00-data-raw/Donnellan et al. - 2022/Supplementary S2. Full list of MGO modified proteins.xlsx	WIL2-NS	150
O60907	F-box-like/WD repeat-containing protein TBL1X OS=Homo sapiens OX=9606 GN=TBL1X PE=1 SV=3	29.875	14.5580589254766	7	24	2	50.85	MG-H [R339]	Carboxyethyl [K340; K351]	00-data-raw/Donnellan et al. - 2022/Supplementary S2. Full list of MGO modified proteins.xlsx	WIL2-NS	151
O75369	Filamin-B OS=Homo sapiens OX=9606 GN=FLNB PE=1 SV=2	829.137	56.4950038431975	156	800	146	2007.24		Carboxyethyl [R1230; K1232]	00-data-raw/Donnellan et al. - 2022/Supplementary S2. Full list of MGO modified proteins.xlsx	WIL2-NS	152
Q96CP2	FLYWCH family member 2 OS=Homo sapiens OX=9606 GN=FLYWCH2 PE=1 SV=1	26.679	64.2857142857142	9	15	9	22.73		Carboxyethyl [K53; K58; K60]	00-data-raw/Donnellan et al. - 2022/Supplementary S2. Full list of MGO modified proteins.xlsx	WIL2-NS	153
Q5VW36	Focadhesin OS=Homo sapiens OX=9606 GN=FOCAD PE=1 SV=1	31.87	5.49694614103275	11	24	11	33.79		Carboxyethyl [R545; K553]	00-data-raw/Donnellan et al. - 2022/Supplementary S2. Full list of MGO modified proteins.xlsx	WIL2-NS	154
P51114	Fragile X mental retardation syndrome-related protein 1 OS=Homo sapiens OX=9606 GN=FXR1 PE=1 SV=3	185.205	55.0724637681159	34	182	31	474.03		Carboxyethyl [R368]	00-data-raw/Donnellan et al. - 2022/Supplementary S2. Full list of MGO modified proteins.xlsx	WIL2-NS	155
P04075	Fructose-bisphosphate aldolase A OS=Homo sapiens OX=9606 GN=ALDOA PE=1 SV=2	669.475	97.8021978021978	84	926	3	2739.7		Carboxyethyl [K42; R43; K147; K230]	00-data-raw/Donnellan et al. - 2022/Supplementary S2. Full list of MGO modified proteins.xlsx	WIL2-NS	156
P09972	Fructose-bisphosphate aldolase C OS=Homo sapiens OX=9606 GN=ALDOC PE=1 SV=2	252.311	75.5494505494505	44	293	33	858.45		Carboxyethyl [K147]	00-data-raw/Donnellan et al. - 2022/Supplementary S2. Full list of MGO modified proteins.xlsx	WIL2-NS	157
O60547	GDP-mannose 4,6 dehydratase OS=Homo sapiens OX=9606 GN=GMDS PE=1 SV=1	66.699	44.6236559139784	16	41	16	88.05		Carboxyethyl [K294; K301]	00-data-raw/Donnellan et al. - 2022/Supplementary S2. Full list of MGO modified proteins.xlsx	WIL2-NS	158
P11413	Glucose-6-phosphate 1-dehydrogenase OS=Homo sapiens OX=9606 GN=G6PD PE=1 SV=4	113.072	46.4077669902912	30	110	30	210.78		Carboxyethyl [K46; K47]	00-data-raw/Donnellan et al. - 2022/Supplementary S2. Full list of MGO modified proteins.xlsx	WIL2-NS	159
P06744	Glucose-6-phosphate isomerase OS=Homo sapiens OX=9606 GN=GPI PE=1 SV=4	555.298	72.4014336917562	69	519	69	1572.84		Carboxyethyl [R6; R370]	00-data-raw/Donnellan et al. - 2022/Supplementary S2. Full list of MGO modified proteins.xlsx	WIL2-NS	160
Q6IA69	Glutamine-dependent NAD(+) synthetase OS=Homo sapiens OX=9606 GN=NADSYN1 PE=1 SV=3	12.272	7.22379603399433	4	7	4	9.3		Carboxyethyl [R432]	00-data-raw/Donnellan et al. - 2022/Supplementary S2. Full list of MGO modified proteins.xlsx	WIL2-NS	161
P35754	Glutaredoxin-1 OS=Homo sapiens OX=9606 GN=GLRX PE=1 SV=2	40.096	36.7924528301886	8	57	8	108.59		Carboxyethyl [K20]	00-data-raw/Donnellan et al. - 2022/Supplementary S2. Full list of MGO modified proteins.xlsx	WIL2-NS	162
O76003	Glutaredoxin-3 OS=Homo sapiens OX=9606 GN=GLRX3 PE=1 SV=2	178.919	57.6119402985074	30	177	30	415.97		Carboxyethyl [K151; K253]	00-data-raw/Donnellan et al. - 2022/Supplementary S2. Full list of MGO modified proteins.xlsx	WIL2-NS	163
P00390	Glutathione reductase, mitochondrial OS=Homo sapiens OX=9606 GN=GSR PE=1 SV=2	168.361	53.831417624521	27	204	27	475.95	MG-H [R81; R82]		00-data-raw/Donnellan et al. - 2022/Supplementary S2. Full list of MGO modified proteins.xlsx	WIL2-NS	164
A0A0C4DFM0	Glutathione transferase zeta 1 (Maleylacetoacetate isomerase), isoform CRA_c OS=Homo sapiens OX=9606 GN=GSTZ1 PE=1 SV=1	53.521	39.3518518518518	11	54	11	127.92		Carboxyethyl [R206]	00-data-raw/Donnellan et al. - 2022/Supplementary S2. Full list of MGO modified proteins.xlsx	WIL2-NS	165
P04406	Glyceraldehyde-3-phosphate dehydrogenase OS=Homo sapiens OX=9606 GN=GAPDH PE=1 SV=3	762.472	100	80	1215	11	3254.39	MG-H [R234]	Carboxyethyl [K215; K263]	00-data-raw/Donnellan et al. - 2022/Supplementary S2. Full list of MGO modified proteins.xlsx	WIL2-NS	166
A6NDG6	Glycerol-3-phosphate phosphatase OS=Homo sapiens OX=9606 GN=PGP PE=1 SV=1	92.702	47.3520249221183	15	102	15	267.58		Carboxyethyl [K300; K301]	00-data-raw/Donnellan et al. - 2022/Supplementary S2. Full list of MGO modified proteins.xlsx	WIL2-NS	167
Q92643	GPI-anchor transamidase OS=Homo sapiens OX=9606 GN=PIGK PE=1 SV=2	24.204	17.4683544303797	6	27	6	19.74		Carboxyethyl [K360; K362]	00-data-raw/Donnellan et al. - 2022/Supplementary S2. Full list of MGO modified proteins.xlsx	WIL2-NS	168
Q96CN9	GRIP and coiled-coil domain-containing protein 1 OS=Homo sapiens OX=9606 GN=GCC1 PE=1 SV=1	18.027	10.3225806451612	7	10	7	11.27		Carboxyethyl [R272]	00-data-raw/Donnellan et al. - 2022/Supplementary S2. Full list of MGO modified proteins.xlsx	WIL2-NS	169
Q8IWJ2	GRIP and coiled-coil domain-containing protein 2 OS=Homo sapiens OX=9606 GN=GCC2 PE=1 SV=4	105.629	21.5558194774346	30	61	29	93.22		Carboxyethyl [R1669]	00-data-raw/Donnellan et al. - 2022/Supplementary S2. Full list of MGO modified proteins.xlsx	WIL2-NS	170
P62993	Growth factor receptor-bound protein 2 OS=Homo sapiens OX=9606 GN=GRB2 PE=1 SV=1	130.72	82.4884792626728	25	125	25	306.07		Carboxyethyl [K124]	00-data-raw/Donnellan et al. - 2022/Supplementary S2. Full list of MGO modified proteins.xlsx	WIL2-NS	171
Q9HAV7	GrpE protein homolog 1, mitochondrial OS=Homo sapiens OX=9606 GN=GRPEL1 PE=1 SV=2	155.335	77.8801843317972	24	182	24	434.53		Carboxyethyl [R204]	00-data-raw/Donnellan et al. - 2022/Supplementary S2. Full list of MGO modified proteins.xlsx	WIL2-NS	172
Q9BXW7	Haloacid dehalogenase-like hydrolase domain-containing 5 OS=Homo sapiens OX=9606 GN=HDHD5 PE=1 SV=1	58.665	29.5508274231678	15	48	15	137.87		Carboxyethyl [R174; R175]	00-data-raw/Donnellan et al. - 2022/Supplementary S2. Full list of MGO modified proteins.xlsx	WIL2-NS	173
O94927	HAUS augmin-like complex subunit 5 OS=Homo sapiens OX=9606 GN=HAUS5 PE=1 SV=2	48.255	24.170616113744	12	40	12	78.6		Carboxyethyl [K77; R86; R88]	00-data-raw/Donnellan et al. - 2022/Supplementary S2. Full list of MGO modified proteins.xlsx	WIL2-NS	174
P34932	Heat shock 70 kDa protein 4 OS=Homo sapiens OX=9606 GN=HSPA4 PE=1 SV=4	585.236	80.8333333333333	101	760	92	1938.71		Carboxyethyl [K356]	00-data-raw/Donnellan et al. - 2022/Supplementary S2. Full list of MGO modified proteins.xlsx	WIL2-NS	175
E9PM13	Heat shock cognate 71 kDa protein (Fragment) OS=Homo sapiens OX=9606 GN=HSPA8 PE=1 SV=8	155.082	70.6666666666666	21	124	2	379.01		Carboxyethyl [K3]	00-data-raw/Donnellan et al. - 2022/Supplementary S2. Full list of MGO modified proteins.xlsx	WIL2-NS	176
P11142	Heat shock cognate 71 kDa protein OS=Homo sapiens OX=9606 GN=HSPA8 PE=1 SV=1	1073.881	82.8173374613003	107	1677	63	4879.67	MG-H [R301; R311]	Carboxyethyl [K88; R301]	00-data-raw/Donnellan et al. - 2022/Supplementary S2. Full list of MGO modified proteins.xlsx	WIL2-NS	177
Q92598	Heat shock protein 105 kDa OS=Homo sapiens OX=9606 GN=HSPH1 PE=1 SV=1	431.367	67.9487179487179	82	301	75	810.68		Carboxyethyl [K351; K430]	00-data-raw/Donnellan et al. - 2022/Supplementary S2. Full list of MGO modified proteins.xlsx	WIL2-NS	178
Q14568	Heat shock protein HSP 90-alpha A2 OS=Homo sapiens OX=9606 GN=HSP90AA2P PE=1 SV=2	101.737	45.1895043731778	16	538	2	1501.21		Carboxyethyl [K147; K153]	00-data-raw/Donnellan et al. - 2022/Supplementary S2. Full list of MGO modified proteins.xlsx	WIL2-NS	179
P07900	Heat shock protein HSP 90-alpha OS=Homo sapiens OX=9606 GN=HSP90AA1 PE=1 SV=5	945.41	75.2732240437158	105	1953	69	5432.07		Carboxyethyl [R299]	00-data-raw/Donnellan et al. - 2022/Supplementary S2. Full list of MGO modified proteins.xlsx	WIL2-NS	180
P08238	Heat shock protein HSP 90-beta OS=Homo sapiens OX=9606 GN=HSP90AB1 PE=1 SV=4	1090.963	88.6740331491712	122	2058	46	5714.25	MG-H [R177]	Carboxyethyl [K180; R291; R604]	00-data-raw/Donnellan et al. - 2022/Supplementary S2. Full list of MGO modified proteins.xlsx	WIL2-NS	181
P14317	Hematopoietic lineage cell-specific protein OS=Homo sapiens OX=9606 GN=HCLS1 PE=1 SV=3	361.37	71.8106995884773	51	325	51	878.65	MG-H [R130]	Carboxyethyl [K133]	00-data-raw/Donnellan et al. - 2022/Supplementary S2. Full list of MGO modified proteins.xlsx	WIL2-NS	182
P31943	Heterogeneous nuclear ribonucleoprotein H OS=Homo sapiens OX=9606 GN=HNRNPH1 PE=1 SV=4	250.276	59.2427616926503	34	415	10	1143.58		Carboxyethyl [R29]	00-data-raw/Donnellan et al. - 2022/Supplementary S2. Full list of MGO modified proteins.xlsx	WIL2-NS	183
P55795	Heterogeneous nuclear ribonucleoprotein H2 OS=Homo sapiens OX=9606 GN=HNRNPH2 PE=1 SV=1	128.861	52.1158129175946	23	217	10	460.23		Carboxyethyl [R233]	00-data-raw/Donnellan et al. - 2022/Supplementary S2. Full list of MGO modified proteins.xlsx	WIL2-NS	184
P14866	Heterogeneous nuclear ribonucleoprotein L OS=Homo sapiens OX=9606 GN=HNRNPL PE=1 SV=2	446.414	79.4567062818336	59	575	10	1673.9		Carboxyethyl [K475]	00-data-raw/Donnellan et al. - 2022/Supplementary S2. Full list of MGO modified proteins.xlsx	WIL2-NS	185
P52272	Heterogeneous nuclear ribonucleoprotein M OS=Homo sapiens OX=9606 GN=HNRNPM PE=1 SV=3	756.796	88.7671232876712	112	1435	22	3197.81		Carboxyethyl [K388]	00-data-raw/Donnellan et al. - 2022/Supplementary S2. Full list of MGO modified proteins.xlsx	WIL2-NS	186
O60506	Heterogeneous nuclear ribonucleoprotein Q OS=Homo sapiens OX=9606 GN=SYNCRIP PE=1 SV=2	445.602	60.6741573033707	57	549	3	1590.82		Carboxyethyl [K100]	00-data-raw/Donnellan et al. - 2022/Supplementary S2. Full list of MGO modified proteins.xlsx	WIL2-NS	187
O43390	Heterogeneous nuclear ribonucleoprotein R OS=Homo sapiens OX=9606 GN=HNRNPR PE=1 SV=1	261.049	54.8183254344391	47	220	33	549.17		Carboxyethyl [K103]	00-data-raw/Donnellan et al. - 2022/Supplementary S2. Full list of MGO modified proteins.xlsx	WIL2-NS	188
Q00839	Heterogeneous nuclear ribonucleoprotein U OS=Homo sapiens OX=9606 GN=HNRNPU PE=1 SV=6	829.086	65.3333333333333	101	947	4	2489.08	MG-H [R50; R727]	Carboxyethyl [R50; R733]	00-data-raw/Donnellan et al. - 2022/Supplementary S2. Full list of MGO modified proteins.xlsx	WIL2-NS	189
Q1KMD3	Heterogeneous nuclear ribonucleoprotein U-like protein 2 OS=Homo sapiens OX=9606 GN=HNRNPUL2 PE=1 SV=1	236.625	50.8701472556894	46	248	46	550.37	MG-H [R494]	Carboxyethyl [R480]	00-data-raw/Donnellan et al. - 2022/Supplementary S2. Full list of MGO modified proteins.xlsx	WIL2-NS	190
B4DY08	Heterogeneous nuclear ribonucleoproteins C1/C2 OS=Homo sapiens OX=9606 GN=HNRNPC PE=1 SV=1	378.062	75.3472222222222	52	483	3	1309.52	MG-H [R61]	Carboxyethyl [R138]	00-data-raw/Donnellan et al. - 2022/Supplementary S2. Full list of MGO modified proteins.xlsx	WIL2-NS	191
P07910	Heterogeneous nuclear ribonucleoproteins C1/C2 OS=Homo sapiens OX=9606 GN=HNRNPC PE=1 SV=4	365.925	67.3202614379085	53	511	4	1336.52	MG-H [R61]	Carboxyethyl [R151]	00-data-raw/Donnellan et al. - 2022/Supplementary S2. Full list of MGO modified proteins.xlsx	WIL2-NS	192
Q9BW72	HIG1 domain family member 2A, mitochondrial OS=Homo sapiens OX=9606 GN=HIGD2A PE=1 SV=1	11.237	50	5	8	5	8.41		Carboxyethyl [R80]	00-data-raw/Donnellan et al. - 2022/Supplementary S2. Full list of MGO modified proteins.xlsx	WIL2-NS	193
A0A024R4E5	High density lipoprotein binding protein (Vigilin), isoform CRA_a OS=Homo sapiens OX=9606 GN=HDLBP PE=1 SV=1	307.69	44.7160883280757	60	212	60	459.52	MG-H [R188]	Carboxyethyl [K197; K202]	00-data-raw/Donnellan et al. - 2022/Supplementary S2. Full list of MGO modified proteins.xlsx	WIL2-NS	194
O00479	High mobility group nucleosome-binding domain-containing protein 4 OS=Homo sapiens OX=9606 GN=HMGN4 PE=1 SV=3	34.722	58.8888888888888	6	46	5	57.28	MG-H [R73]		00-data-raw/Donnellan et al. - 2022/Supplementary S2. Full list of MGO modified proteins.xlsx	WIL2-NS	195
P09429	High mobility group protein B1 OS=Homo sapiens OX=9606 GN=HMGB1 PE=1 SV=3	467.828	71.6279069767441	47	727	25	1911.77	MG-H [R110]	Carboxyethyl [K128; K141]	00-data-raw/Donnellan et al. - 2022/Supplementary S2. Full list of MGO modified proteins.xlsx	WIL2-NS	196
P26583	High mobility group protein B2 OS=Homo sapiens OX=9606 GN=HMGB2 PE=1 SV=2	364.052	80.8612440191387	44	500	30	1190.54	MG-H [R110]		00-data-raw/Donnellan et al. - 2022/Supplementary S2. Full list of MGO modified proteins.xlsx	WIL2-NS	197
Q9BX68	Histidine triad nucleotide-binding protein 2, mitochondrial OS=Homo sapiens OX=9606 GN=HINT2 PE=1 SV=1	31.303	44.7852760736196	6	25	6	56.52		Carboxyethyl [K42]	00-data-raw/Donnellan et al. - 2022/Supplementary S2. Full list of MGO modified proteins.xlsx	WIL2-NS	198
O95251	Histone acetyltransferase KAT7 OS=Homo sapiens OX=9606 GN=KAT7 PE=1 SV=1	51.597	25.6955810147299	14	41	13	79.09		Carboxyethyl [K524]	00-data-raw/Donnellan et al. - 2022/Supplementary S2. Full list of MGO modified proteins.xlsx	WIL2-NS	199
Q02539	Histone H1.1 OS=Homo sapiens OX=9606 GN=H1-1 PE=1 SV=3	171.19	26.9767441860465	21	215	2	616.11	MG-H [R57]	Carboxyethyl [R57]	00-data-raw/Donnellan et al. - 2022/Supplementary S2. Full list of MGO modified proteins.xlsx	WIL2-NS	200
Q96KK5	Histone H2A type 1-H OS=Homo sapiens OX=9606 GN=HIST1H2AH PE=1 SV=3	127.763	78.125	18	428	2	933.4	MG-H [R21]		00-data-raw/Donnellan et al. - 2022/Supplementary S2. Full list of MGO modified proteins.xlsx	WIL2-NS	201
Q99878	Histone H2A type 1-J OS=Homo sapiens OX=9606 GN=H2AC14 PE=1 SV=3	129.824	78.125	17	432	2	959.47	MG-H [R21]		00-data-raw/Donnellan et al. - 2022/Supplementary S2. Full list of MGO modified proteins.xlsx	WIL2-NS	202
Q8IUE6	Histone H2A type 2-B OS=Homo sapiens OX=9606 GN=HIST2H2AB PE=1 SV=3	60.567	67.6923076923077	12	195	4	354.2	MG-H [R21]		00-data-raw/Donnellan et al. - 2022/Supplementary S2. Full list of MGO modified proteins.xlsx	WIL2-NS	203
Q16777	Histone H2A type 2-C OS=Homo sapiens OX=9606 GN=HIST2H2AC PE=1 SV=4	93.301	78.2945736434108	15	388	3	820.76	MG-H [R21]		00-data-raw/Donnellan et al. - 2022/Supplementary S2. Full list of MGO modified proteins.xlsx	WIL2-NS	204
Q7L7L0	Histone H2A type 3 OS=Homo sapiens OX=9606 GN=HIST3H2A PE=1 SV=3	129.856	78.4615384615384	17	366	5	840.24	MG-H [R21]	Carboxyethyl [K126; K130]	00-data-raw/Donnellan et al. - 2022/Supplementary S2. Full list of MGO modified proteins.xlsx	WIL2-NS	205
P16104	Histone H2AX OS=Homo sapiens OX=9606 GN=H2AX PE=1 SV=2	59.31	53.1468531468531	10	200	2	384.54	MG-H [R21]		00-data-raw/Donnellan et al. - 2022/Supplementary S2. Full list of MGO modified proteins.xlsx	WIL2-NS	206
P33778	Histone H2B type 1-B OS=Homo sapiens OX=9606 GN=HIST1H2BB PE=1 SV=2	269.17	87.3015873015873	27	730	2	1470.42	MG-H [R80; R93]	Carboxyethyl [R80; R93; K109; K117; K121; K126]	00-data-raw/Donnellan et al. - 2022/Supplementary S2. Full list of MGO modified proteins.xlsx	WIL2-NS	207
P58876	Histone H2B type 1-D OS=Homo sapiens OX=9606 GN=HIST1H2BD PE=1 SV=2	295.888	84.1269841269841	27	771	2	1549.11	MG-H [R34; R80; R93]	Carboxyethyl [R80; R93; K109; K117; K121; K126]	00-data-raw/Donnellan et al. - 2022/Supplementary S2. Full list of MGO modified proteins.xlsx	WIL2-NS	208
P58876	Histone H2B type 1-D OS=Homo sapiens OX=9606 GN=HIST1H2BD PE=1 SV=2	202.104	80.1587301587301	28	263	2	583.59	MG-H [R93]	Carboxyethyl [R93; K109]	00-data-raw/Donnellan et al. - 2022/Supplementary S2. Full list of MGO modified proteins.xlsx	WIL2-NS	209
O60814	Histone H2B type 1-K OS=Homo sapiens OX=9606 GN=H2BC12 PE=1 SV=3	189.763	87.3015873015873	28	589	5	1176.86		Carboxyethyl [K6]	00-data-raw/Donnellan et al. - 2022/Supplementary S2. Full list of MGO modified proteins.xlsx	WIL2-NS	210
O60814	Histone H2B type 1-K OS=Homo sapiens OX=9606 GN=H2BC12 PE=1 SV=3	257.377	87.3015873015873	27	656	5	1352.77	MG-H [R34; R80; R93]	Carboxyethyl [K6; R80; R93; K117]	00-data-raw/Donnellan et al. - 2022/Supplementary S2. Full list of MGO modified proteins.xlsx	WIL2-NS	211
O60814	Histone H2B type 1-K OS=Homo sapiens OX=9606 GN=H2BC12 PE=1 SV=3	195.843	87.3015873015873	31	255	6	546.07	MG-H [R93]	Carboxyethyl [K6; R93]	00-data-raw/Donnellan et al. - 2022/Supplementary S2. Full list of MGO modified proteins.xlsx	WIL2-NS	212
Q99879	Histone H2B type 1-M OS=Homo sapiens OX=9606 GN=H2BC14 PE=1 SV=3	304.021	87.3015873015873	28	778	3	1585	MG-H [R34; R80; R93]	Carboxyethyl [R80; R93; K109; K117; K121; K126]	00-data-raw/Donnellan et al. - 2022/Supplementary S2. Full list of MGO modified proteins.xlsx	WIL2-NS	213
Q99879	Histone H2B type 1-M OS=Homo sapiens OX=9606 GN=H2BC14 PE=1 SV=3	213.003	84.1269841269841	29	270	3	605.74	MG-H [R93]	Carboxyethyl [R93; K109]	00-data-raw/Donnellan et al. - 2022/Supplementary S2. Full list of MGO modified proteins.xlsx	WIL2-NS	214
Q5QNW6	Histone H2B type 2-F OS=Homo sapiens OX=9606 GN=HIST2H2BF PE=1 SV=3	298.904	87.3015873015873	27	766	2	1537.35	MG-H [R34; R80; R93]	Carboxyethyl [R80; R93; K109; K117; K121; K126]	00-data-raw/Donnellan et al. - 2022/Supplementary S2. Full list of MGO modified proteins.xlsx	WIL2-NS	215
Q5QNW6	Histone H2B type 2-F OS=Homo sapiens OX=9606 GN=HIST2H2BF PE=1 SV=3	220.369	87.3015873015873	30	272	4	604.51	MG-H [R93]	Carboxyethyl [R93; K109]	00-data-raw/Donnellan et al. - 2022/Supplementary S2. Full list of MGO modified proteins.xlsx	WIL2-NS	216
Q5TEC6	Histone H3 OS=Homo sapiens OX=9606 GN=H3-2 PE=1 SV=1	107.064	69.8529411764705	22	310	2	812.82	MG-H [R43]		00-data-raw/Donnellan et al. - 2022/Supplementary S2. Full list of MGO modified proteins.xlsx	WIL2-NS	217
P62805	Histone H4 OS=Homo sapiens OX=9606 GN=H4C1 PE=1 SV=2	253.229	74.757281553398	26	635	26	1668.57		Carboxyethyl [K80]	00-data-raw/Donnellan et al. - 2022/Supplementary S2. Full list of MGO modified proteins.xlsx	WIL2-NS	218
Q8NEZ4	Histone-lysine N-methyltransferase 2C OS=Homo sapiens OX=9606 GN=KMT2C PE=1 SV=3	6.748	0.733048259010384	3	12	2	3.98	MG-H [R1279]		00-data-raw/Donnellan et al. - 2022/Supplementary S2. Full list of MGO modified proteins.xlsx	WIL2-NS	219
O14686	Histone-lysine N-methyltransferase 2D OS=Homo sapiens OX=9606 GN=KMT2D PE=1 SV=2	31.03	2.97995304316416	12	27	11	31.96	MG-H [R1693]		00-data-raw/Donnellan et al. - 2022/Supplementary S2. Full list of MGO modified proteins.xlsx	WIL2-NS	220
Q96KQ7	Histone-lysine N-methyltransferase EHMT2 OS=Homo sapiens OX=9606 GN=EHMT2 PE=1 SV=3	61.579	17.1900826446281	15	50	15	89.87		Carboxyethyl [R371]	00-data-raw/Donnellan et al. - 2022/Supplementary S2. Full list of MGO modified proteins.xlsx	WIL2-NS	221
Q9BZ95	Histone-lysine N-methyltransferase NSD3 OS=Homo sapiens OX=9606 GN=NSD3 PE=1 SV=1	29.051	6.75017397355602	9	15	8	21.9		Carboxyethyl [K477]	00-data-raw/Donnellan et al. - 2022/Supplementary S2. Full list of MGO modified proteins.xlsx	WIL2-NS	222
O15047	Histone-lysine N-methyltransferase SETD1A OS=Homo sapiens OX=9606 GN=SETD1A PE=1 SV=3	32.021	8.67018160515524	11	21	10	38.09		Carboxyethyl [R689]	00-data-raw/Donnellan et al. - 2022/Supplementary S2. Full list of MGO modified proteins.xlsx	WIL2-NS	223
A0A140T9I0	HLA class I histocompatibility antigen, A alpha chain (Fragment) OS=Homo sapiens OX=9606 GN=HLA-A PE=1 SV=1	227.187	76.1643835616438	37	179	17	468.15		Carboxyethyl [R243]	00-data-raw/Donnellan et al. - 2022/Supplementary S2. Full list of MGO modified proteins.xlsx	WIL2-NS	224
A0A140T913	HLA class I histocompatibility antigen, A alpha chain OS=Homo sapiens OX=9606 GN=HLA-A PE=1 SV=1	302.879	73.0458221024258	38	343	18	959.27		Carboxyethyl [R89; R243]	00-data-raw/Donnellan et al. - 2022/Supplementary S2. Full list of MGO modified proteins.xlsx	WIL2-NS	225
P01889	HLA class I histocompatibility antigen, B alpha chain OS=Homo sapiens OX=9606 GN=HLA-B PE=1 SV=3	127.999	40.8839779005524	18	151	5	415.71		Carboxyethyl [R243; R263]	00-data-raw/Donnellan et al. - 2022/Supplementary S2. Full list of MGO modified proteins.xlsx	WIL2-NS	226
A2BF26	HLA class I histocompatibility antigen, C alpha chain OS=Homo sapiens OX=9606 GN=HLA-C PE=1 SV=1	104.319	35.5163727959697	17	94	3	269.35		Carboxyethyl [R243]	00-data-raw/Donnellan et al. - 2022/Supplementary S2. Full list of MGO modified proteins.xlsx	WIL2-NS	227
P79483	HLA class II histocompatibility antigen, DR beta 3 chain OS=Homo sapiens OX=9606 GN=HLA-DRB3 PE=1 SV=1	57.317	37.96992481203	9	40	2	124.96		Carboxyethyl [R218]	00-data-raw/Donnellan et al. - 2022/Supplementary S2. Full list of MGO modified proteins.xlsx	WIL2-NS	228
A0A140T958	HLA class II histocompatibility antigen, DRB1 beta chain (Fragment) OS=Homo sapiens OX=9606 GN=HLA-DRB1 PE=1 SV=1	189.709	52.8	25	247	15	704.71		Carboxyethyl [R118]	00-data-raw/Donnellan et al. - 2022/Supplementary S2. Full list of MGO modified proteins.xlsx	WIL2-NS	229
Q9NSC5	Homer protein homolog 3 OS=Homo sapiens OX=9606 GN=HOMER3 PE=1 SV=2	12.77	12.4653739612188	4	7	3	3.7	MG-H [R355]		00-data-raw/Donnellan et al. - 2022/Supplementary S2. Full list of MGO modified proteins.xlsx	WIL2-NS	230
A6NEM2	Host cell factor 1 OS=Homo sapiens OX=9606 GN=HCFC1 PE=1 SV=2	329.447	34.4711538461538	75	372	3	827.18		Carboxyethyl [K2021]	00-data-raw/Donnellan et al. - 2022/Supplementary S2. Full list of MGO modified proteins.xlsx	WIL2-NS	231
P50502	Hsc70-interacting protein OS=Homo sapiens OX=9606 GN=ST13 PE=1 SV=2	210.532	61.7886178861788	38	256	38	627.02		Carboxyethyl [K5]	00-data-raw/Donnellan et al. - 2022/Supplementary S2. Full list of MGO modified proteins.xlsx	WIL2-NS	232
S4R3N1	HSPE1-MOB4 readthrough OS=Homo sapiens OX=9606 GN=HSPE1-MOB4 PE=3 SV=1	177.455	68.5823754789272	26	255	10	674.97	MG-H [R7]		00-data-raw/Donnellan et al. - 2022/Supplementary S2. Full list of MGO modified proteins.xlsx	WIL2-NS	233
P23083	Immunoglobulin heavy variable 1-2 OS=Homo sapiens OX=9606 GN=IGHV1-2 PE=1 SV=2	15.883	37.6068376068376	3	6	3	11	MG-H [R6]	Carboxyethyl [K31]	00-data-raw/Donnellan et al. - 2022/Supplementary S2. Full list of MGO modified proteins.xlsx	WIL2-NS	234
O00629	Importin subunit alpha-3 OS=Homo sapiens OX=9606 GN=KPNA4 PE=1 SV=1	67.724	30.7101727447216	16	65	11	151.32		Carboxyethyl [R29]	00-data-raw/Donnellan et al. - 2022/Supplementary S2. Full list of MGO modified proteins.xlsx	WIL2-NS	235
Q14164	Inhibitor of nuclear factor kappa-B kinase subunit epsilon OS=Homo sapiens OX=9606 GN=IKBKE PE=1 SV=1	14.209	7.68156424581005	5	7	4	3.75	MG-H [R657]		00-data-raw/Donnellan et al. - 2022/Supplementary S2. Full list of MGO modified proteins.xlsx	WIL2-NS	236
Q96PE3	Inositol polyphosphate-4-phosphatase type I A OS=Homo sapiens OX=9606 GN=INPP4A PE=1 SV=1	10.677	3.99181166837256	3	5	3	10.54		Carboxyethyl [K872; R885]	00-data-raw/Donnellan et al. - 2022/Supplementary S2. Full list of MGO modified proteins.xlsx	WIL2-NS	237
P14735	Insulin-degrading enzyme OS=Homo sapiens OX=9606 GN=IDE PE=1 SV=4	274.783	50.8341511285574	56	258	56	589.94		Carboxyethyl [K643]	00-data-raw/Donnellan et al. - 2022/Supplementary S2. Full list of MGO modified proteins.xlsx	WIL2-NS	238
A0A494C0X7	Integrin beta OS=Homo sapiens OX=9606 GN=ITGB2 PE=1 SV=1	166.728	47.2041612483745	38	190	37	441.19		Carboxyethyl [K362; R366; K379]	00-data-raw/Donnellan et al. - 2022/Supplementary S2. Full list of MGO modified proteins.xlsx	WIL2-NS	239
A0A0A0MTH3	Integrin-linked protein kinase OS=Homo sapiens OX=9606 GN=ILK PE=1 SV=1	99.258	39.751552795031	22	132	22	258.31		Carboxyethyl [K457]	00-data-raw/Donnellan et al. - 2022/Supplementary S2. Full list of MGO modified proteins.xlsx	WIL2-NS	240
Q9BYX4	Interferon-induced helicase C domain-containing protein 1 OS=Homo sapiens OX=9606 GN=IFIH1 PE=1 SV=3	79.923	22.0487804878048	21	58	21	108.44		Carboxyethyl [K529; K537]	00-data-raw/Donnellan et al. - 2022/Supplementary S2. Full list of MGO modified proteins.xlsx	WIL2-NS	241
O00458	Interferon-related developmental regulator 1 OS=Homo sapiens OX=9606 GN=IFRD1 PE=1 SV=4	5.12	7.3170731707317	2	3	2	2.03		Carboxyethyl [K94]	00-data-raw/Donnellan et al. - 2022/Supplementary S2. Full list of MGO modified proteins.xlsx	WIL2-NS	242
P18206-2	Isoform 1 of Vinculin OS=Homo sapiens OX=9606 GN=VCL	560.036	70.8255159474671	98	655	81	1651.02		Carboxyethyl [K59]	00-data-raw/Donnellan et al. - 2022/Supplementary S2. Full list of MGO modified proteins.xlsx	WIL2-NS	243
O60716-3	Isoform 1AC of Catenin delta-1 OS=Homo sapiens OX=9606 GN=CTNND1	134.352	42.7050053248136	33	131	33	311.7		Carboxyethyl [R28]	00-data-raw/Donnellan et al. - 2022/Supplementary S2. Full list of MGO modified proteins.xlsx	WIL2-NS	244
Q9NVV5-2	Isoform 2 of Androgen-induced gene 1 protein OS=Homo sapiens OX=9606 GN=AIG1	11.368	15.5462184873949	2	6	2	15.07		Carboxyethyl [K25]	00-data-raw/Donnellan et al. - 2022/Supplementary S2. Full list of MGO modified proteins.xlsx	WIL2-NS	245
Q676U5-2	Isoform 2 of Autophagy-related protein 16-1 OS=Homo sapiens OX=9606 GN=ATG16L1	35.59	19.5578231292517	8	15	8	31.43		Carboxyethyl [R262; R266]	00-data-raw/Donnellan et al. - 2022/Supplementary S2. Full list of MGO modified proteins.xlsx	WIL2-NS	246
P28838-2	Isoform 2 of Cytosol aminopeptidase OS=Homo sapiens OX=9606 GN=LAP3	325.624	69.8770491803278	48	388	48	1063.17		Carboxyethyl [R91]	00-data-raw/Donnellan et al. - 2022/Supplementary S2. Full list of MGO modified proteins.xlsx	WIL2-NS	247
Q96AE4-2	Isoform 2 of Far upstream element-binding protein 1 OS=Homo sapiens OX=9606 GN=FUBP1	382.69	64.4716692189892	57	520	2	1398.94		Carboxyethyl [R97; K195; K583]	00-data-raw/Donnellan et al. - 2022/Supplementary S2. Full list of MGO modified proteins.xlsx	WIL2-NS	248
Q9NVK5-2	Isoform 2 of FGFR1 oncogene partner 2 OS=Homo sapiens OX=9606 GN=FGFR1OP2	36.598	48.3720930232558	8	22	8	53.27		Carboxyethyl [R39; K44]	00-data-raw/Donnellan et al. - 2022/Supplementary S2. Full list of MGO modified proteins.xlsx	WIL2-NS	249
P04075-2	Isoform 2 of Fructose-bisphosphate aldolase A OS=Homo sapiens OX=9606 GN=ALDOA	638.241	91.6267942583732	83	875	2	2538.33		Carboxyethyl [K96; R97; K201; K284]	00-data-raw/Donnellan et al. - 2022/Supplementary S2. Full list of MGO modified proteins.xlsx	WIL2-NS	250
P00390-3	Isoform 2 of Glutathione reductase, mitochondrial OS=Homo sapiens OX=9606 GN=GSR	80.486	41.9878296146044	22	80	22	150.31		Carboxyethyl [K265]	00-data-raw/Donnellan et al. - 2022/Supplementary S2. Full list of MGO modified proteins.xlsx	WIL2-NS	251
Q9HC38-2	Isoform 2 of Glyoxalase domain-containing protein 4 OS=Homo sapiens OX=9606 GN=GLOD4	165.821	70.8053691275167	35	203	35	485.8		Carboxyethyl [K293; K295]	00-data-raw/Donnellan et al. - 2022/Supplementary S2. Full list of MGO modified proteins.xlsx	WIL2-NS	252
O43390-2	Isoform 2 of Heterogeneous nuclear ribonucleoprotein R OS=Homo sapiens OX=9606 GN=HNRNPR	409.72	58.9622641509434	54	439	4	1151.27		Carboxyethyl [K103]	00-data-raw/Donnellan et al. - 2022/Supplementary S2. Full list of MGO modified proteins.xlsx	WIL2-NS	253
Q00839-2	Isoform 2 of Heterogeneous nuclear ribonucleoprotein U OS=Homo sapiens OX=9606 GN=HNRNPU	802.696	65.7568238213399	100	970	3	2529.32	MG-H [R50; R708]	Carboxyethyl [R50; R714]	00-data-raw/Donnellan et al. - 2022/Supplementary S2. Full list of MGO modified proteins.xlsx	WIL2-NS	254
Q5VZF2-2	Isoform 2 of Muscleblind-like protein 2 OS=Homo sapiens OX=9606 GN=MBNL2	44.403	16.3487738419618	9	66	2	132.36		Carboxyethyl [K230; K232]	00-data-raw/Donnellan et al. - 2022/Supplementary S2. Full list of MGO modified proteins.xlsx	WIL2-NS	255
P62937-2	Isoform 2 of Peptidyl-prolyl cis-trans isomerase A OS=Homo sapiens OX=9606 GN=PPIA	173.65	100	19	270	2	740.07	MG-H [R9; R84]	Carboxyethyl [K16; K22; R84]	00-data-raw/Donnellan et al. - 2022/Supplementary S2. Full list of MGO modified proteins.xlsx	WIL2-NS	256
Q96P11-2	Isoform 2 of Probable 28S rRNA (cytosine-C(5))-methyltransferase OS=Homo sapiens OX=9606 GN=NSUN5	139.389	49.5708154506437	25	117	25	295.94		Carboxyethyl [K249]	00-data-raw/Donnellan et al. - 2022/Supplementary S2. Full list of MGO modified proteins.xlsx	WIL2-NS	257
P36873-2	Isoform 2 of Serine/threonine-protein phosphatase PP1-gamma catalytic subunit OS=Homo sapiens OX=9606 GN=PPP1CC	103.467	53.4124629080118	21	94	3	233.75	MG-H [R96]	Carboxyethyl [K113]	00-data-raw/Donnellan et al. - 2022/Supplementary S2. Full list of MGO modified proteins.xlsx	WIL2-NS	258
Q96B97-2	Isoform 2 of SH3 domain-containing kinase-binding protein 1 OS=Homo sapiens OX=9606 GN=SH3KBP1	244.708	73.0891719745222	43	211	2	443.82		Carboxyethyl [K448]	00-data-raw/Donnellan et al. - 2022/Supplementary S2. Full list of MGO modified proteins.xlsx	WIL2-NS	259
Q01082-3	Isoform 2 of Spectrin beta chain, non-erythrocytic 1 OS=Homo sapiens OX=9606 GN=SPTBN1	662.433	55.3132250580046	121	379	5	1026.38	MG-H [R1257; R1262]	Carboxyethyl [K1259; K1266]	00-data-raw/Donnellan et al. - 2022/Supplementary S2. Full list of MGO modified proteins.xlsx	WIL2-NS	260
P60174-1	Isoform 2 of Triosephosphate isomerase OS=Homo sapiens OX=9606 GN=TPI1	309.039	95.582329317269	48	431	19	1160.94	MG-H [R18]	Carboxyethyl [R5; K14; R18]	00-data-raw/Donnellan et al. - 2022/Supplementary S2. Full list of MGO modified proteins.xlsx	WIL2-NS	261
O95218-2	Isoform 2 of Zinc finger Ran-binding domain-containing protein 2 OS=Homo sapiens OX=9606 GN=ZRANB2	63.611	43.75	15	89	15	191.98	MG-H [R272; R283]	Carboxyethyl [R285]	00-data-raw/Donnellan et al. - 2022/Supplementary S2. Full list of MGO modified proteins.xlsx	WIL2-NS	262
P15170-3	Isoform 3 of Eukaryotic peptide chain release factor GTP-binding subunit ERF3A OS=Homo sapiens OX=9606 GN=GSPT1	171.43	49.607535321821	35	136	35	362.25		Carboxyethyl [K392]	00-data-raw/Donnellan et al. - 2022/Supplementary S2. Full list of MGO modified proteins.xlsx	WIL2-NS	263
P61978-3	Isoform 3 of Heterogeneous nuclear ribonucleoprotein K OS=Homo sapiens OX=9606 GN=HNRNPK	362.605	72.9545454545454	53	647	53	1606.7	MG-H [R22]	Carboxyethyl [K21; R22]	00-data-raw/Donnellan et al. - 2022/Supplementary S2. Full list of MGO modified proteins.xlsx	WIL2-NS	264
O43390-3	Isoform 3 of Heterogeneous nuclear ribonucleoprotein R OS=Homo sapiens OX=9606 GN=HNRNPR	374.224	56.1344537815126	50	408	3	1019.03		Carboxyethyl [K103]	00-data-raw/Donnellan et al. - 2022/Supplementary S2. Full list of MGO modified proteins.xlsx	WIL2-NS	265
P46736-3	Isoform 3 of Lys-63-specific deubiquitinase BRCC36 OS=Homo sapiens OX=9606 GN=BRCC3	66.677	47.2602739726027	13	55	13	152.07		Carboxyethyl [R107; R114]	00-data-raw/Donnellan et al. - 2022/Supplementary S2. Full list of MGO modified proteins.xlsx	WIL2-NS	266
Q13330-3	Isoform 3 of Metastasis-associated protein MTA1 OS=Homo sapiens OX=9606 GN=MTA1	181.147	58.3094555873925	42	131	37	321.69		Carboxyethyl [R230]	00-data-raw/Donnellan et al. - 2022/Supplementary S2. Full list of MGO modified proteins.xlsx	WIL2-NS	267
P35658-3	Isoform 3 of Nuclear pore complex protein Nup214 OS=Homo sapiens OX=9606 GN=NUP214	289.682	29.8900047824007	58	283	2	697.29	MG-H [R651]	Carboxyethyl [R1339]	00-data-raw/Donnellan et al. - 2022/Supplementary S2. Full list of MGO modified proteins.xlsx	WIL2-NS	268
P06748-3	Isoform 3 of Nucleophosmin OS=Homo sapiens OX=9606 GN=NPM1	394.45	74.9034749034749	40	632	2	1490.7	MG-H [R142]		00-data-raw/Donnellan et al. - 2022/Supplementary S2. Full list of MGO modified proteins.xlsx	WIL2-NS	269
Q92925-3	Isoform 3 of SWI/SNF-related matrix-associated actin-dependent regulator of chromatin subfamily D member 2 OS=Homo sapiens OX=9606 GN=SMARCD2	82.549	48.0331262939958	17	41	16	103.91	MG-H [R4]		00-data-raw/Donnellan et al. - 2022/Supplementary S2. Full list of MGO modified proteins.xlsx	WIL2-NS	270
O43670-4	Isoform 4 of BUB3-interacting and GLEBS motif-containing protein ZNF207 OS=Homo sapiens OX=9606 GN=ZNF207	85.798	34.6153846153846	21	115	21	247.63		Carboxyethyl [R251]	00-data-raw/Donnellan et al. - 2022/Supplementary S2. Full list of MGO modified proteins.xlsx	WIL2-NS	271
Q86VP1-4	Isoform 4 of Tax1-binding protein 1 OS=Homo sapiens OX=9606 GN=TAX1BP1	3.735	4.91525423728813	2	3	2	2.01		Carboxyethyl [K2]	00-data-raw/Donnellan et al. - 2022/Supplementary S2. Full list of MGO modified proteins.xlsx	WIL2-NS	272
Q13428-4	Isoform 4 of Treacle protein OS=Homo sapiens OX=9606 GN=TCOF1	241.979	33.4645669291338	56	146	6	372		Carboxyethyl [K732]	00-data-raw/Donnellan et al. - 2022/Supplementary S2. Full list of MGO modified proteins.xlsx	WIL2-NS	273
P06753-4	Isoform 4 of Tropomyosin alpha-3 chain OS=Homo sapiens OX=9606 GN=TPM3	310.451	83.4008097165991	43	374	2	1036.98		Carboxyethyl [K177]	00-data-raw/Donnellan et al. - 2022/Supplementary S2. Full list of MGO modified proteins.xlsx	WIL2-NS	274
Q86VF2-5	Isoform 5 of Immunoglobulin-like and fibronectin type III domain-containing protein 1 OS=Homo sapiens OX=9606 GN=IGFN1	2.988	1.07874865156418	2	4	2	5.71		Carboxyethyl [K2157]	00-data-raw/Donnellan et al. - 2022/Supplementary S2. Full list of MGO modified proteins.xlsx	WIL2-NS	275
P98175-5	Isoform 5 of RNA-binding protein 10 OS=Homo sapiens OX=9606 GN=RBM10	218.752	47.3366834170854	46	223	43	533.27	MG-H [R236]		00-data-raw/Donnellan et al. - 2022/Supplementary S2. Full list of MGO modified proteins.xlsx	WIL2-NS	276
Q9Y6M7-7	Isoform 7 of Sodium bicarbonate cotransporter 3 OS=Homo sapiens OX=9606 GN=SLC4A7	43.098	8.73709293089753	10	24	10	49.97	MG-H [R11]		00-data-raw/Donnellan et al. - 2022/Supplementary S2. Full list of MGO modified proteins.xlsx	WIL2-NS	277
P51608-2	Isoform B of Methyl-CpG-binding protein 2 OS=Homo sapiens OX=9606 GN=MECP2	12.779	12.8514056224899	4	10	4	9.22		Carboxyethyl [R20]	00-data-raw/Donnellan et al. - 2022/Supplementary S2. Full list of MGO modified proteins.xlsx	WIL2-NS	278
P14618-2	Isoform M1 of Pyruvate kinase PKM OS=Homo sapiens OX=9606 GN=PKM	623.364	91.1487758945386	85	1269	4	3114.02	MG-H [R376]	Carboxyethyl [K305; R516]	00-data-raw/Donnellan et al. - 2022/Supplementary S2. Full list of MGO modified proteins.xlsx	WIL2-NS	279
Q8NFY9	Kelch repeat and BTB domain-containing protein 8 OS=Homo sapiens OX=9606 GN=KBTBD8 PE=1 SV=2	67.491	36.6056572379367	17	67	17	121.76		Carboxyethyl [K178]	00-data-raw/Donnellan et al. - 2022/Supplementary S2. Full list of MGO modified proteins.xlsx	WIL2-NS	280
P35908	Keratin, type II cytoskeletal 2 epidermal OS=Homo sapiens OX=9606 GN=KRT2 PE=1 SV=2	128.772	45.0704225352112	25	43	21	100.72	MG-H [R34]	Carboxyethyl [R20]	00-data-raw/Donnellan et al. - 2022/Supplementary S2. Full list of MGO modified proteins.xlsx	WIL2-NS	281
Q07666	KH domain-containing, RNA-binding, signal transduction-associated protein 1 OS=Homo sapiens OX=9606 GN=KHDRBS1 PE=1 SV=1	164.331	46.0496613995485	34	313	33	639.21		Carboxyethyl [K134]	00-data-raw/Donnellan et al. - 2022/Supplementary S2. Full list of MGO modified proteins.xlsx	WIL2-NS	282
Q969R8	KICSTOR complex protein ITFG2 OS=Homo sapiens OX=9606 GN=ITFG2 PE=1 SV=1	7.55	7.15883668903803	3	6	3	0	MG-H [R2]		00-data-raw/Donnellan et al. - 2022/Supplementary S2. Full list of MGO modified proteins.xlsx	WIL2-NS	283
A0A2R8Y5H9	Kinase suppressor of Ras 1 OS=Homo sapiens OX=9606 GN=KSR1 PE=1 SV=1	51.318	18.103448275862	15	45	15	69.22		Carboxyethyl [R689; K697]	00-data-raw/Donnellan et al. - 2022/Supplementary S2. Full list of MGO modified proteins.xlsx	WIL2-NS	284
Q15058	Kinesin-like protein KIF14 OS=Homo sapiens OX=9606 GN=KIF14 PE=1 SV=1	38.325	7.22087378640776	11	21	11	31.72		Carboxyethyl [R1465]	00-data-raw/Donnellan et al. - 2022/Supplementary S2. Full list of MGO modified proteins.xlsx	WIL2-NS	285
A0A0C4DFL7	Lanosterol 14-alpha demethylase OS=Homo sapiens OX=9606 GN=CYP51A1 PE=1 SV=1	73.286	38.1139489194499	19	59	19	116.99	MG-H [R431]		00-data-raw/Donnellan et al. - 2022/Supplementary S2. Full list of MGO modified proteins.xlsx	WIL2-NS	286
Q14847	LIM and SH3 domain protein 1 OS=Homo sapiens OX=9606 GN=LASP1 PE=1 SV=2	172.796	74.3295019157088	27	145	27	357.82		Carboxyethyl [K42]	00-data-raw/Donnellan et al. - 2022/Supplementary S2. Full list of MGO modified proteins.xlsx	WIL2-NS	287
E9PP16	Liprin-beta-2 OS=Homo sapiens OX=9606 GN=PPFIBP2 PE=1 SV=1	36.986	18.9415041782729	10	16	10	32.25		Carboxyethyl [K92]	00-data-raw/Donnellan et al. - 2022/Supplementary S2. Full list of MGO modified proteins.xlsx	WIL2-NS	288
P00338	L-lactate dehydrogenase A chain OS=Homo sapiens OX=9606 GN=LDHA PE=1 SV=2	322.524	78.6144578313253	45	551	42	1332.45	MG-H [R106]		00-data-raw/Donnellan et al. - 2022/Supplementary S2. Full list of MGO modified proteins.xlsx	WIL2-NS	289
Q96KB5	Lymphokine-activated killer T-cell-originated protein kinase OS=Homo sapiens OX=9606 GN=PBK PE=1 SV=3	100.235	49.6894409937888	23	123	23	299.81		Carboxyethyl [K90]	00-data-raw/Donnellan et al. - 2022/Supplementary S2. Full list of MGO modified proteins.xlsx	WIL2-NS	290
Q9Y2K7	Lysine-specific demethylase 2A OS=Homo sapiens OX=9606 GN=KDM2A PE=1 SV=3	80.482	22.1170395869191	22	64	22	127.5		Carboxyethyl [K505]	00-data-raw/Donnellan et al. - 2022/Supplementary S2. Full list of MGO modified proteins.xlsx	WIL2-NS	291
P29375	Lysine-specific demethylase 5A OS=Homo sapiens OX=9606 GN=KDM5A PE=1 SV=3	36.176	9.23076923076923	11	19	11	22.22		Carboxyethyl [R1467]	00-data-raw/Donnellan et al. - 2022/Supplementary S2. Full list of MGO modified proteins.xlsx	WIL2-NS	292
R4GMQ1	Lysine-specific histone demethylase OS=Homo sapiens OX=9606 GN=KDM1A PE=1 SV=2	156.112	45.2214452214452	38	155	38	307.67		Carboxyethyl [R844]	00-data-raw/Donnellan et al. - 2022/Supplementary S2. Full list of MGO modified proteins.xlsx	WIL2-NS	293
P14174	Macrophage migration inhibitory factor OS=Homo sapiens OX=9606 GN=MIF PE=1 SV=4	84.445	73.9130434782608	15	257	15	589.73	MG-H [R12]		00-data-raw/Donnellan et al. - 2022/Supplementary S2. Full list of MGO modified proteins.xlsx	WIL2-NS	294
Q14764	Major vault protein OS=Homo sapiens OX=9606 GN=MVP PE=1 SV=4	52.218	25.08398656215	16	32	16	69.88	MG-H [R621]	Carboxyethyl [R600; K612]	00-data-raw/Donnellan et al. - 2022/Supplementary S2. Full list of MGO modified proteins.xlsx	WIL2-NS	295
G3V5T0	Maleylacetoacetate isomerase OS=Homo sapiens OX=9606 GN=GSTZ1 PE=1 SV=1	33.315	24.7524752475247	7	27	7	67.54		Carboxyethyl [R192]	00-data-raw/Donnellan et al. - 2022/Supplementary S2. Full list of MGO modified proteins.xlsx	WIL2-NS	296
Q9NS73	MAP3K12-binding inhibitory protein 1 OS=Homo sapiens OX=9606 GN=MBIP PE=1 SV=2	16.247	18.8953488372093	5	10	5	14.02		Carboxyethyl [R225]	00-data-raw/Donnellan et al. - 2022/Supplementary S2. Full list of MGO modified proteins.xlsx	WIL2-NS	297
A8MXP9	Matrin-3 OS=Homo sapiens OX=9606 GN=MATR3 PE=1 SV=1	353.967	61.4525139664804	80	331	80	737.69	MG-H [R530]	Carboxyethyl [K532; K852]	00-data-raw/Donnellan et al. - 2022/Supplementary S2. Full list of MGO modified proteins.xlsx	WIL2-NS	298
Q9Y6X3	MAU2 chromatid cohesion factor homolog OS=Homo sapiens OX=9606 GN=MAU2 PE=1 SV=2	18.871	11.0929853181076	6	12	6	22.15		Carboxyethyl [R199; K200]	00-data-raw/Donnellan et al. - 2022/Supplementary S2. Full list of MGO modified proteins.xlsx	WIL2-NS	299
Q15648	Mediator of RNA polymerase II transcription subunit 1 OS=Homo sapiens OX=9606 GN=MED1 PE=1 SV=4	110.315	25.1739405439595	28	95	28	201.95		Carboxyethyl [K919]	00-data-raw/Donnellan et al. - 2022/Supplementary S2. Full list of MGO modified proteins.xlsx	WIL2-NS	300
Q96RQ3	Methylcrotonoyl-CoA carboxylase subunit alpha, mitochondrial OS=Homo sapiens OX=9606 GN=MCCC1 PE=1 SV=3	185.388	45.6551724137931	31	163	31	495.76	MG-H [R299]	Carboxyethyl [K295; K300]	00-data-raw/Donnellan et al. - 2022/Supplementary S2. Full list of MGO modified proteins.xlsx	WIL2-NS	301
Q02252	Methylmalonate-semialdehyde dehydrogenase [acylating], mitochondrial OS=Homo sapiens OX=9606 GN=ALDH6A1 PE=1 SV=2	50.019	31.7757009345794	17	41	17	83.39	MG-H [R107]		00-data-raw/Donnellan et al. - 2022/Supplementary S2. Full list of MGO modified proteins.xlsx	WIL2-NS	302
Q8N6Q8	Methyltransferase-like protein 25 OS=Homo sapiens OX=9606 GN=METTL25 PE=2 SV=2	8.144	4.4776119402985	2	3	2	3		Carboxyethyl [K536; K538]	00-data-raw/Donnellan et al. - 2022/Supplementary S2. Full list of MGO modified proteins.xlsx	WIL2-NS	303
Q66K74	Microtubule-associated protein 1S OS=Homo sapiens OX=9606 GN=MAP1S PE=1 SV=2	68.276	22.1907459867799	18	67	18	107.46	MG-H [R392]		00-data-raw/Donnellan et al. - 2022/Supplementary S2. Full list of MGO modified proteins.xlsx	WIL2-NS	304
Q9H019	Mitochondrial fission regulator 1-like OS=Homo sapiens OX=9606 GN=MTFR1L PE=1 SV=2	16.323	14.3835616438356	4	12	4	22.5		Carboxyethyl [R127]	00-data-raw/Donnellan et al. - 2022/Supplementary S2. Full list of MGO modified proteins.xlsx	WIL2-NS	305
Q9BT17	Mitochondrial ribosome-associated GTPase 1 OS=Homo sapiens OX=9606 GN=MTG1 PE=1 SV=2	9.38	16.4670658682634	5	7	5	8.01	MG-H [R138]	Carboxyethyl [R135]	00-data-raw/Donnellan et al. - 2022/Supplementary S2. Full list of MGO modified proteins.xlsx	WIL2-NS	306
B8ZZ87	Mitotic-spindle organizing protein 2B OS=Homo sapiens OX=9606 GN=MZT2B PE=1 SV=1	12.496	23.394495412844	3	7	3	16.33	MG-H [R29]	Carboxyethyl [R28]	00-data-raw/Donnellan et al. - 2022/Supplementary S2. Full list of MGO modified proteins.xlsx	WIL2-NS	307
Q9BYG3	MKI67 FHA domain-interacting nucleolar phosphoprotein OS=Homo sapiens OX=9606 GN=NIFK PE=1 SV=1	88.58	50.1706484641638	20	64	20	144.39		Carboxyethyl [K100]	00-data-raw/Donnellan et al. - 2022/Supplementary S2. Full list of MGO modified proteins.xlsx	WIL2-NS	308
P26038	Moesin OS=Homo sapiens OX=9606 GN=MSN PE=1 SV=3	662.714	75.736568457539	95	727	65	1911.99	MG-H [R273]	Carboxyethyl [R273; R381]	00-data-raw/Donnellan et al. - 2022/Supplementary S2. Full list of MGO modified proteins.xlsx	WIL2-NS	309
Q96T58	Msx2-interacting protein OS=Homo sapiens OX=9606 GN=SPEN PE=1 SV=1	124.867	10.6986899563318	34	86	33	132.46		Carboxyethyl [K2066]	00-data-raw/Donnellan et al. - 2022/Supplementary S2. Full list of MGO modified proteins.xlsx	WIL2-NS	310
A0A0A0MQX8	Muscleblind-like protein 1 OS=Homo sapiens OX=9606 GN=MBNL1 PE=1 SV=1	87.625	42.75	20	138	12	299.98		Carboxyethyl [K233; K235]	00-data-raw/Donnellan et al. - 2022/Supplementary S2. Full list of MGO modified proteins.xlsx	WIL2-NS	311
Q15773	Myeloid leukemia factor 2 OS=Homo sapiens OX=9606 GN=MLF2 PE=1 SV=1	8.363	7.66129032258064	3	7	3	10.57	MG-H [R204]		00-data-raw/Donnellan et al. - 2022/Supplementary S2. Full list of MGO modified proteins.xlsx	WIL2-NS	312
Q969H8	Myeloid-derived growth factor OS=Homo sapiens OX=9606 GN=MYDGF PE=1 SV=1	84.265	58.9595375722543	14	101	14	275.36		Carboxyethyl [R130]	00-data-raw/Donnellan et al. - 2022/Supplementary S2. Full list of MGO modified proteins.xlsx	WIL2-NS	313
A0A499FIJ6	Myocardin-related transcription factor A OS=Homo sapiens OX=9606 GN=MRTFA PE=1 SV=1	11.607	5.33462657613967	5	10	5	8.62		Carboxyethyl [K451]	00-data-raw/Donnellan et al. - 2022/Supplementary S2. Full list of MGO modified proteins.xlsx	WIL2-NS	314
F8W1R7	Myosin light polypeptide 6 OS=Homo sapiens OX=9606 GN=MYL6 PE=1 SV=1	106.781	69.6551724137931	14	88	9	278.24		Carboxyethyl [K81]	00-data-raw/Donnellan et al. - 2022/Supplementary S2. Full list of MGO modified proteins.xlsx	WIL2-NS	315
Q9UKX3	Myosin-13 OS=Homo sapiens OX=9606 GN=MYH13 PE=2 SV=2	9.302	1.90918472652218	4	23	3	44.84		Carboxyethyl [K567; K1264]	00-data-raw/Donnellan et al. - 2022/Supplementary S2. Full list of MGO modified proteins.xlsx	WIL2-NS	316
Q7Z406	Myosin-14 OS=Homo sapiens OX=9606 GN=MYH14 PE=1 SV=2	60.253	7.36842105263157	16	102	2	191.63	MG-H [R1067]		00-data-raw/Donnellan et al. - 2022/Supplementary S2. Full list of MGO modified proteins.xlsx	WIL2-NS	317
P35579	Myosin-9 OS=Homo sapiens OX=9606 GN=MYH9 PE=1 SV=4	1641.943	70.1020408163265	228	1468	193	4084.64	MG-H [R272]	Carboxyethyl [K1441]	00-data-raw/Donnellan et al. - 2022/Supplementary S2. Full list of MGO modified proteins.xlsx	WIL2-NS	318
E7EQ69	N-alpha-acetyltransferase 50 OS=Homo sapiens OX=9606 GN=NAA50 PE=1 SV=1	91.618	73.8095238095238	21	91	21	214.69	MG-H [R4]	Carboxyethyl [K2; K16; K154]	00-data-raw/Donnellan et al. - 2022/Supplementary S2. Full list of MGO modified proteins.xlsx	WIL2-NS	319
P20929	Nebulin OS=Homo sapiens OX=9606 GN=NEB PE=1 SV=5	3.516	0.35987404408457	2	3	2	4.32		Carboxyethyl [K1706]	00-data-raw/Donnellan et al. - 2022/Supplementary S2. Full list of MGO modified proteins.xlsx	WIL2-NS	320
A0A5H1ZRP4	Negative elongation factor B OS=Homo sapiens OX=9606 GN=NELFB PE=1 SV=1	49.924	15.6050955414012	12	51	12	87.13		Carboxyethyl [R21]	00-data-raw/Donnellan et al. - 2022/Supplementary S2. Full list of MGO modified proteins.xlsx	WIL2-NS	321
Q09666	Neuroblast differentiation-associated protein AHNAK OS=Homo sapiens OX=9606 GN=AHNAK PE=1 SV=2	210.875	32.5806451612903	63	210	63	346.51		Carboxyethyl [K1333; K2463; K3785]	00-data-raw/Donnellan et al. - 2022/Supplementary S2. Full list of MGO modified proteins.xlsx	WIL2-NS	322
Q86UT6	NLR family member X1 OS=Homo sapiens OX=9606 GN=NLRX1 PE=1 SV=1	4.213	2.66666666666666	2	2	2	2.53		Carboxyethyl [K517; K520]	00-data-raw/Donnellan et al. - 2022/Supplementary S2. Full list of MGO modified proteins.xlsx	WIL2-NS	323
P05114	Non-histone chromosomal protein HMG-14 OS=Homo sapiens OX=9606 GN=HMGN1 PE=1 SV=3	65.99	73	12	84	12	183.56	MG-H [R23]	Carboxyethyl [K82]	00-data-raw/Donnellan et al. - 2022/Supplementary S2. Full list of MGO modified proteins.xlsx	WIL2-NS	324
Q15233	Non-POU domain-containing octamer-binding protein OS=Homo sapiens OX=9606 GN=NONO PE=1 SV=4	579.535	87.8980891719745	99	810	95	1889.18	MG-H [R434]		00-data-raw/Donnellan et al. - 2022/Supplementary S2. Full list of MGO modified proteins.xlsx	WIL2-NS	325
A8CG34	Nuclear envelope pore membrane protein POM 121C OS=Homo sapiens OX=9606 GN=POM121C PE=1 SV=3	35.361	14.320585842148	12	24	5	39.4		Carboxyethyl [R239; R242; R251]	00-data-raw/Donnellan et al. - 2022/Supplementary S2. Full list of MGO modified proteins.xlsx	WIL2-NS	326
P49790	Nuclear pore complex protein Nup153 OS=Homo sapiens OX=9606 GN=NUP153 PE=1 SV=2	313.296	46.6440677966101	65	318	65	815.64		Carboxyethyl [K263]	00-data-raw/Donnellan et al. - 2022/Supplementary S2. Full list of MGO modified proteins.xlsx	WIL2-NS	327
H7BY16	Nucleolin (Fragment) OS=Homo sapiens OX=9606 GN=NCL PE=1 SV=8	367.886	84.1216216216216	46	835	2	2191.02		Carboxyethyl [K264]	00-data-raw/Donnellan et al. - 2022/Supplementary S2. Full list of MGO modified proteins.xlsx	WIL2-NS	328
P19338	Nucleolin OS=Homo sapiens OX=9606 GN=NCL PE=1 SV=3	470.293	59.5774647887323	72	492	31	1246.99		Carboxyethyl [K79; K513; K639]	00-data-raw/Donnellan et al. - 2022/Supplementary S2. Full list of MGO modified proteins.xlsx	WIL2-NS	329
P06748	Nucleophosmin OS=Homo sapiens OX=9606 GN=NPM1 PE=1 SV=2	478.889	77.891156462585	51	770	13	1846.45	MG-H [R142]		00-data-raw/Donnellan et al. - 2022/Supplementary S2. Full list of MGO modified proteins.xlsx	WIL2-NS	330
C9JYA1	Nucleoporin NUP42 (Fragment) OS=Homo sapiens OX=9606 GN=NUP42 PE=1 SV=1	39.805	31.9540229885057	10	29	10	67.62		Carboxyethyl [R32]	00-data-raw/Donnellan et al. - 2022/Supplementary S2. Full list of MGO modified proteins.xlsx	WIL2-NS	331
Q9NX40	OCIA domain-containing protein 1 OS=Homo sapiens OX=9606 GN=OCIAD1 PE=1 SV=1	102.298	54.6938775510204	19	105	19	231.7		Carboxyethyl [R223; R228]	00-data-raw/Donnellan et al. - 2022/Supplementary S2. Full list of MGO modified proteins.xlsx	WIL2-NS	332
Q96G74	OTU domain-containing protein 5 OS=Homo sapiens OX=9606 GN=OTUD5 PE=1 SV=1	48.548	29.5971978984238	10	40	10	109.9		Carboxyethyl [R60]	00-data-raw/Donnellan et al. - 2022/Supplementary S2. Full list of MGO modified proteins.xlsx	WIL2-NS	333
Q5BJF6	Outer dense fiber protein 2 OS=Homo sapiens OX=9606 GN=ODF2 PE=1 SV=1	10.968	6.0313630880579	4	4	4	4.35	MG-H [R753]		00-data-raw/Donnellan et al. - 2022/Supplementary S2. Full list of MGO modified proteins.xlsx	WIL2-NS	334
Q9BXB5	Oxysterol-binding protein-related protein 10 OS=Homo sapiens OX=9606 GN=OSBPL10 PE=1 SV=2	43.145	16.7539267015706	8	40	7	116.78		Carboxyethyl [K560; K562]	00-data-raw/Donnellan et al. - 2022/Supplementary S2. Full list of MGO modified proteins.xlsx	WIL2-NS	335
Q9UKJ1	Paired immunoglobulin-like type 2 receptor alpha OS=Homo sapiens OX=9606 GN=PILRA PE=1 SV=3	13.09	16.8316831683168	4	15	4	38.16		Carboxyethyl [K302]	00-data-raw/Donnellan et al. - 2022/Supplementary S2. Full list of MGO modified proteins.xlsx	WIL2-NS	336
Q9UL41	Paraneoplastic antigen Ma3 OS=Homo sapiens OX=9606 GN=PNMA3 PE=2 SV=3	4.181	4.75161987041036	2	9	2	7.25	MG-H [R108]		00-data-raw/Donnellan et al. - 2022/Supplementary S2. Full list of MGO modified proteins.xlsx	WIL2-NS	337
P62937	Peptidyl-prolyl cis-trans isomerase A OS=Homo sapiens OX=9606 GN=PPIA PE=1 SV=2	337.5	100	36	553	18	1402.79	MG-H [R55; R69; R144]	Carboxyethyl [R55; R69; K82; R144]	00-data-raw/Donnellan et al. - 2022/Supplementary S2. Full list of MGO modified proteins.xlsx	WIL2-NS	338
P23284	Peptidyl-prolyl cis-trans isomerase B OS=Homo sapiens OX=9606 GN=PPIB PE=1 SV=2	258.693	75	31	289	31	819.08		Carboxyethyl [K204; K209]	00-data-raw/Donnellan et al. - 2022/Supplementary S2. Full list of MGO modified proteins.xlsx	WIL2-NS	339
Q9UNP9	Peptidyl-prolyl cis-trans isomerase E OS=Homo sapiens OX=9606 GN=PPIE PE=1 SV=1	76.944	55.4817275747508	16	70	15	159.25		Carboxyethyl [K218]	00-data-raw/Donnellan et al. - 2022/Supplementary S2. Full list of MGO modified proteins.xlsx	WIL2-NS	340
Q02790	Peptidyl-prolyl cis-trans isomerase FKBP4 OS=Homo sapiens OX=9606 GN=FKBP4 PE=1 SV=3	546.649	86.2745098039215	66	552	66	1514.08	MG-H [R373]	Carboxyethyl [K280]	00-data-raw/Donnellan et al. - 2022/Supplementary S2. Full list of MGO modified proteins.xlsx	WIL2-NS	341
A0A5H1ZRS1	Pericentriolar material 1 protein OS=Homo sapiens OX=9606 GN=PCM1 PE=1 SV=1	258.526	31.1011904761904	60	232	49	526.4	MG-H [R87]		00-data-raw/Donnellan et al. - 2022/Supplementary S2. Full list of MGO modified proteins.xlsx	WIL2-NS	342
Q06830	Peroxiredoxin-1 OS=Homo sapiens OX=9606 GN=PRDX1 PE=1 SV=1	424.145	95.9798994974874	51	730	45	1923.71		Carboxyethyl [K168; K178]	00-data-raw/Donnellan et al. - 2022/Supplementary S2. Full list of MGO modified proteins.xlsx	WIL2-NS	343
P32119	Peroxiredoxin-2 OS=Homo sapiens OX=9606 GN=PRDX2 PE=1 SV=5	188.098	81.3131313131313	29	283	26	658.78	MG-H [R7; R139]	Carboxyethyl [R7]	00-data-raw/Donnellan et al. - 2022/Supplementary S2. Full list of MGO modified proteins.xlsx	WIL2-NS	344
Q92576	PHD finger protein 3 OS=Homo sapiens OX=9606 GN=PHF3 PE=1 SV=3	102.294	13.7322216772927	27	100	27	210.23		Carboxyethyl [K550; K554; K557]	00-data-raw/Donnellan et al. - 2022/Supplementary S2. Full list of MGO modified proteins.xlsx	WIL2-NS	345
Q9NSD9	Phenylalanine--tRNA ligase beta subunit OS=Homo sapiens OX=9606 GN=FARSB PE=1 SV=3	120.104	43.6332767402376	30	136	30	328.17	MG-H [R71]	Carboxyethyl [K64]	00-data-raw/Donnellan et al. - 2022/Supplementary S2. Full list of MGO modified proteins.xlsx	WIL2-NS	346
Q8WWQ0	PH-interacting protein OS=Homo sapiens OX=9606 GN=PHIP PE=1 SV=2	71.681	10.9280615046677	16	47	16	128.81		Carboxyethyl [K1760]	00-data-raw/Donnellan et al. - 2022/Supplementary S2. Full list of MGO modified proteins.xlsx	WIL2-NS	347
A0A3B3ISI3	Phosphatidylinositide phosphatase SAC2 OS=Homo sapiens OX=9606 GN=INPP5F PE=1 SV=1	5.21	2.81124497991967	3	3	3	0		Carboxyethyl [K738]	00-data-raw/Donnellan et al. - 2022/Supplementary S2. Full list of MGO modified proteins.xlsx	WIL2-NS	348
F8W9P4	Phosphatidylinositol 4,5-bisphosphate 3-kinase catalytic subunit OS=Homo sapiens OX=9606 GN=PIK3CD PE=1 SV=1	33.428	11.1423220973782	13	25	13	27.36		Carboxyethyl [K1037]	00-data-raw/Donnellan et al. - 2022/Supplementary S2. Full list of MGO modified proteins.xlsx	WIL2-NS	349
A0A494C0G1	Phosphoacetylglucosamine mutase OS=Homo sapiens OX=9606 GN=PGM3 PE=1 SV=1	73.07	39.5209580838323	18	79	18	198.02	MG-H [R418]	Carboxyethyl [K403]	00-data-raw/Donnellan et al. - 2022/Supplementary S2. Full list of MGO modified proteins.xlsx	WIL2-NS	350
P00558	Phosphoglycerate kinase 1 OS=Homo sapiens OX=9606 GN=PGK1 PE=1 SV=3	476.868	88.2494004796163	63	555	55	1481		Carboxyethyl [K41]	00-data-raw/Donnellan et al. - 2022/Supplementary S2. Full list of MGO modified proteins.xlsx	WIL2-NS	351
Q8NEL9	Phospholipase DDHD1 OS=Homo sapiens OX=9606 GN=DDHD1 PE=1 SV=2	26.237	10.3333333333333	8	27	8	43.7		Carboxyethyl [R512]	00-data-raw/Donnellan et al. - 2022/Supplementary S2. Full list of MGO modified proteins.xlsx	WIL2-NS	352
O15067	Phosphoribosylformylglycinamidine synthase OS=Homo sapiens OX=9606 GN=PFAS PE=1 SV=4	457.474	57.7727952167414	88	615	88	1504.66		Carboxyethyl [K677]	00-data-raw/Donnellan et al. - 2022/Supplementary S2. Full list of MGO modified proteins.xlsx	WIL2-NS	353
Q14651	Plastin-1 OS=Homo sapiens OX=9606 GN=PLS1 PE=1 SV=2	71.311	28.7758346581876	16	56	7	107.4		Carboxyethyl [K545; R566]	00-data-raw/Donnellan et al. - 2022/Supplementary S2. Full list of MGO modified proteins.xlsx	WIL2-NS	354
P13796	Plastin-2 OS=Homo sapiens OX=9606 GN=LCP1 PE=1 SV=6	578.699	83.7320574162679	87	979	73	2493.85	MG-H [R357; R596; R626]	Carboxyethyl [R596]	00-data-raw/Donnellan et al. - 2022/Supplementary S2. Full list of MGO modified proteins.xlsx	WIL2-NS	355
Q15365	Poly(rC)-binding protein 1 OS=Homo sapiens OX=9606 GN=PCBP1 PE=1 SV=2	223.873	81.1797752808988	31	334	24	954.62		Carboxyethyl [R325]	00-data-raw/Donnellan et al. - 2022/Supplementary S2. Full list of MGO modified proteins.xlsx	WIL2-NS	356
P11940	Polyadenylate-binding protein 1 OS=Homo sapiens OX=9606 GN=PABPC1 PE=1 SV=2	525.107	77.8301886792452	89	638	28	1613.27		Carboxyethyl [R506; K625]	00-data-raw/Donnellan et al. - 2022/Supplementary S2. Full list of MGO modified proteins.xlsx	WIL2-NS	357
Q9H074	Polyadenylate-binding protein-interacting protein 1 OS=Homo sapiens OX=9606 GN=PAIP1 PE=1 SV=1	35.014	27.5574112734864	11	26	4	50.77		Carboxyethyl [R21; R80; R83]	00-data-raw/Donnellan et al. - 2022/Supplementary S2. Full list of MGO modified proteins.xlsx	WIL2-NS	358
Q8IXJ9	Polycomb group protein ASXL1 OS=Homo sapiens OX=9606 GN=ASXL1 PE=1 SV=4	3.513	2.40103828682673	2	3	2	2.79	MG-H [R1068]	Carboxyethyl [R1051; R1055]	00-data-raw/Donnellan et al. - 2022/Supplementary S2. Full list of MGO modified proteins.xlsx	WIL2-NS	359
Q8TCS8	Polyribonucleotide nucleotidyltransferase 1, mitochondrial OS=Homo sapiens OX=9606 GN=PNPT1 PE=1 SV=2	220.333	46.1047254150702	45	235	45	516.71		Carboxyethyl [R761]	00-data-raw/Donnellan et al. - 2022/Supplementary S2. Full list of MGO modified proteins.xlsx	WIL2-NS	360
A5A3E0	POTE ankyrin domain family member F OS=Homo sapiens OX=9606 GN=POTEF PE=1 SV=2	174.174	10.3255813953488	16	443	2	1177.55	MG-H [R728; R737; R954; R956]	Carboxyethyl [R728; R737; K813; R816; K938]	00-data-raw/Donnellan et al. - 2022/Supplementary S2. Full list of MGO modified proteins.xlsx	WIL2-NS	361
P26196	Probable ATP-dependent RNA helicase DDX6 OS=Homo sapiens OX=9606 GN=DDX6 PE=1 SV=2	145.984	55.27950310559	26	155	26	426.16	MG-H [R5]		00-data-raw/Donnellan et al. - 2022/Supplementary S2. Full list of MGO modified proteins.xlsx	WIL2-NS	362
A0A2R8Y5P7	Probable histidine--tRNA ligase, mitochondrial OS=Homo sapiens OX=9606 GN=HARS2 PE=1 SV=1	76.864	37.5	18	109	10	188.12		Carboxyethyl [R491]	00-data-raw/Donnellan et al. - 2022/Supplementary S2. Full list of MGO modified proteins.xlsx	WIL2-NS	363
Q9Y4C8	Probable RNA-binding protein 19 OS=Homo sapiens OX=9606 GN=RBM19 PE=1 SV=3	105.493	28.125	26	93	26	169.19		Carboxyethyl [R3; K14]	00-data-raw/Donnellan et al. - 2022/Supplementary S2. Full list of MGO modified proteins.xlsx	WIL2-NS	364
Q53EL6	Programmed cell death protein 4 OS=Homo sapiens OX=9606 GN=PDCD4 PE=1 SV=2	88.272	36.6737739872068	19	87	19	208.68		Carboxyethyl [R292]	00-data-raw/Donnellan et al. - 2022/Supplementary S2. Full list of MGO modified proteins.xlsx	WIL2-NS	365
P35232	Prohibitin OS=Homo sapiens OX=9606 GN=PHB PE=1 SV=1	166.196	75.735294117647	31	272	31	708.61	MG-H [R35]		00-data-raw/Donnellan et al. - 2022/Supplementary S2. Full list of MGO modified proteins.xlsx	WIL2-NS	366
Q9UQ80	Proliferation-associated protein 2G4 OS=Homo sapiens OX=9606 GN=PA2G4 PE=1 SV=3	401.17	92.3857868020304	62	515	62	1268.71		Carboxyethyl [K158; K172]	00-data-raw/Donnellan et al. - 2022/Supplementary S2. Full list of MGO modified proteins.xlsx	WIL2-NS	367
O14511	Pro-neuregulin-2, membrane-bound isoform OS=Homo sapiens OX=9606 GN=NRG2 PE=1 SV=1	3.672	2.70588235294117	2	3	2	3.83		Carboxyethyl [K166]	00-data-raw/Donnellan et al. - 2022/Supplementary S2. Full list of MGO modified proteins.xlsx	WIL2-NS	368
Q9BRP4	Proteasomal ATPase-associated factor 1 OS=Homo sapiens OX=9606 GN=PAAF1 PE=1 SV=2	40.004	28.3163265306122	11	61	11	129.4		Carboxyethyl [K262]	00-data-raw/Donnellan et al. - 2022/Supplementary S2. Full list of MGO modified proteins.xlsx	WIL2-NS	369
J3KN16	Proteasome adapter and scaffold protein ECM29 OS=Homo sapiens OX=9606 GN=ECPAS PE=1 SV=1	225.42	24.739712444224	50	233	50	490.84	MG-H [R162; R165; R168]		00-data-raw/Donnellan et al. - 2022/Supplementary S2. Full list of MGO modified proteins.xlsx	WIL2-NS	370
P25787	Proteasome subunit alpha type-2 OS=Homo sapiens OX=9606 GN=PSMA2 PE=1 SV=2	136.445	76.068376068376	26	207	26	572.33		Carboxyethyl [R113]	00-data-raw/Donnellan et al. - 2022/Supplementary S2. Full list of MGO modified proteins.xlsx	WIL2-NS	371
P28072	Proteasome subunit beta type-6 OS=Homo sapiens OX=9606 GN=PSMB6 PE=1 SV=4	36.304	38.9121338912133	9	63	9	143.15		Carboxyethyl [R79]	00-data-raw/Donnellan et al. - 2022/Supplementary S2. Full list of MGO modified proteins.xlsx	WIL2-NS	372
P28062	Proteasome subunit beta type-8 OS=Homo sapiens OX=9606 GN=PSMB8 PE=1 SV=3	134.374	55.7971014492753	19	127	19	368.74		Carboxyethyl [R230]	00-data-raw/Donnellan et al. - 2022/Supplementary S2. Full list of MGO modified proteins.xlsx	WIL2-NS	373
Q8TD16	Protein bicaudal D homolog 2 OS=Homo sapiens OX=9606 GN=BICD2 PE=1 SV=1	70.05	26.0922330097087	17	52	15	85.41		Carboxyethyl [R72; K79]	00-data-raw/Donnellan et al. - 2022/Supplementary S2. Full list of MGO modified proteins.xlsx	WIL2-NS	374
Q9Y570	Protein phosphatase methylesterase 1 OS=Homo sapiens OX=9606 GN=PPME1 PE=1 SV=3	64.562	54.6632124352331	19	84	19	210.24	MG-H [R113]		00-data-raw/Donnellan et al. - 2022/Supplementary S2. Full list of MGO modified proteins.xlsx	WIL2-NS	375
E9PD50	Protein SMG7 OS=Homo sapiens OX=9606 GN=SMG7 PE=1 SV=1	48.498	13.5042735042735	16	63	16	104.45		Carboxyethyl [K272]	00-data-raw/Donnellan et al. - 2022/Supplementary S2. Full list of MGO modified proteins.xlsx	WIL2-NS	376
A0A2R8YH03	Protein TASOR 2 OS=Homo sapiens OX=9606 GN=TASOR2 PE=1 SV=1	8.406	1.89035916824196	4	6	4	2.01		Carboxyethyl [R227]	00-data-raw/Donnellan et al. - 2022/Supplementary S2. Full list of MGO modified proteins.xlsx	WIL2-NS	377
A0A1B0GUS7	Protein unc-13 homolog B OS=Homo sapiens OX=9606 GN=UNC13B PE=1 SV=1	2.576	0.622119815668202	2	2	2	2.44		Carboxyethyl [K1767; K1770]	00-data-raw/Donnellan et al. - 2022/Supplementary S2. Full list of MGO modified proteins.xlsx	WIL2-NS	378
B9EGQ5	Protein Wiz OS=Homo sapiens OX=9606 GN=WIZ PE=1 SV=1	78.936	29.2067307692307	20	62	20	134.23		Carboxyethyl [K358]	00-data-raw/Donnellan et al. - 2022/Supplementary S2. Full list of MGO modified proteins.xlsx	WIL2-NS	379
Q99497	Protein/nucleic acid deglycase DJ-1 OS=Homo sapiens OX=9606 GN=PARK7 PE=1 SV=2	314.066	97.3544973544973	45	427	20	1252.35		Carboxyethyl [K175]	00-data-raw/Donnellan et al. - 2022/Supplementary S2. Full list of MGO modified proteins.xlsx	WIL2-NS	380
P00491	Purine nucleoside phosphorylase OS=Homo sapiens OX=9606 GN=PNP PE=1 SV=2	160.473	69.8961937716263	26	227	26	627.9	MG-H [R148]		00-data-raw/Donnellan et al. - 2022/Supplementary S2. Full list of MGO modified proteins.xlsx	WIL2-NS	381
Q9BYX7	Putative beta-actin-like protein 3 OS=Homo sapiens OX=9606 GN=POTEKP PE=5 SV=1	150.004	29.0666666666666	12	331	2	1015.7	MG-H [R254; R256]	Carboxyethyl [K113; R116; K359]	00-data-raw/Donnellan et al. - 2022/Supplementary S2. Full list of MGO modified proteins.xlsx	WIL2-NS	382
Q58FF8	Putative heat shock protein HSP 90-beta 2 OS=Homo sapiens OX=9606 GN=HSP90AB2P PE=1 SV=2	161.311	33.5958005249343	20	202	2	593.68		Carboxyethyl [K323; K324]	00-data-raw/Donnellan et al. - 2022/Supplementary S2. Full list of MGO modified proteins.xlsx	WIL2-NS	383
P11177	Pyruvate dehydrogenase E1 component subunit beta, mitochondrial OS=Homo sapiens OX=9606 GN=PDHB PE=1 SV=3	131.105	62.9526462395543	25	161	25	443.74		Carboxyethyl [K258]	00-data-raw/Donnellan et al. - 2022/Supplementary S2. Full list of MGO modified proteins.xlsx	WIL2-NS	384
P14618	Pyruvate kinase PKM OS=Homo sapiens OX=9606 GN=PKM PE=1 SV=4	648.309	96.6101694915254	88	1332	7	3290.01	MG-H [R376]	Carboxyethyl [K305; R516]	00-data-raw/Donnellan et al. - 2022/Supplementary S2. Full list of MGO modified proteins.xlsx	WIL2-NS	385
P50395	Rab GDP dissociation inhibitor beta OS=Homo sapiens OX=9606 GN=GDI2 PE=1 SV=2	365.939	75.505617977528	55	375	43	1018.21		Carboxyethyl [K348]	00-data-raw/Donnellan et al. - 2022/Supplementary S2. Full list of MGO modified proteins.xlsx	WIL2-NS	386
H0YFN7	RAB6A-GEF complex partner protein 1 (Fragment) OS=Homo sapiens OX=9606 GN=RIC1 PE=1 SV=1	4.18	1.44486692015209	2	2	2	0		Carboxyethyl [K651]	00-data-raw/Donnellan et al. - 2022/Supplementary S2. Full list of MGO modified proteins.xlsx	WIL2-NS	387
A0A2R8Y5S7	Radixin OS=Homo sapiens OX=9606 GN=RDX PE=1 SV=1	293.283	57.457627118644	46	305	21	695.89	MG-H [R273]	Carboxyethyl [R273]	00-data-raw/Donnellan et al. - 2022/Supplementary S2. Full list of MGO modified proteins.xlsx	WIL2-NS	388
O43504	Ragulator complex protein LAMTOR5 OS=Homo sapiens OX=9606 GN=LAMTOR5 PE=1 SV=1	36.214	83.5164835164835	6	31	6	102.26		Carboxyethyl [K78]	00-data-raw/Donnellan et al. - 2022/Supplementary S2. Full list of MGO modified proteins.xlsx	WIL2-NS	389
P46060	Ran GTPase-activating protein 1 OS=Homo sapiens OX=9606 GN=RANGAP1 PE=1 SV=1	252.286	52.4701873935264	42	277	42	807.17		Carboxyethyl [K524]	00-data-raw/Donnellan et al. - 2022/Supplementary S2. Full list of MGO modified proteins.xlsx	WIL2-NS	390
A0A5F9ZHG7	Rap guanine nucleotide exchange factor 6 OS=Homo sapiens OX=9606 GN=RAPGEF6 PE=4 SV=1	51.263	14.2857142857142	14	32	13	62.39		Carboxyethyl [K753]	00-data-raw/Donnellan et al. - 2022/Supplementary S2. Full list of MGO modified proteins.xlsx	WIL2-NS	391
E7END7	Ras-related protein Rab-1A OS=Homo sapiens OX=9606 GN=RAB1A PE=1 SV=1	77.551	59.5375722543352	12	78	6	171.95	MG-H [R30]	Carboxyethyl [R82]	00-data-raw/Donnellan et al. - 2022/Supplementary S2. Full list of MGO modified proteins.xlsx	WIL2-NS	392
A0A494C0Z5	Ras-related protein Rab-33B OS=Homo sapiens OX=9606 GN=RAB33B PE=1 SV=1	27.945	23.1046931407942	7	27	4	58.48	MG-H [R129]	Carboxyethyl [K131]	00-data-raw/Donnellan et al. - 2022/Supplementary S2. Full list of MGO modified proteins.xlsx	WIL2-NS	393
P51151	Ras-related protein Rab-9A OS=Homo sapiens OX=9606 GN=RAB9A PE=1 SV=1	24.329	42.7860696517412	6	23	6	47.27		Carboxyethyl [K112]	00-data-raw/Donnellan et al. - 2022/Supplementary S2. Full list of MGO modified proteins.xlsx	WIL2-NS	394
P63244	Receptor of activated protein C kinase 1 OS=Homo sapiens OX=9606 GN=RACK1 PE=1 SV=3	291.501	92.7444794952681	39	358	39	954.71		Carboxyethyl [K130]	00-data-raw/Donnellan et al. - 2022/Supplementary S2. Full list of MGO modified proteins.xlsx	WIL2-NS	395
P41440	Reduced folate transporter OS=Homo sapiens OX=9606 GN=SLC19A1 PE=1 SV=3	15.696	12.5211505922165	5	18	5	28.56	MG-H [R519]		00-data-raw/Donnellan et al. - 2022/Supplementary S2. Full list of MGO modified proteins.xlsx	WIL2-NS	396
Q9NS28	Regulator of G-protein signaling 18 OS=Homo sapiens OX=9606 GN=RGS18 PE=1 SV=1	15.449	21.7021276595744	4	7	4	9.71		Carboxyethyl [K71]	00-data-raw/Donnellan et al. - 2022/Supplementary S2. Full list of MGO modified proteins.xlsx	WIL2-NS	397
P35244	Replication protein A 14 kDa subunit OS=Homo sapiens OX=9606 GN=RPA3 PE=1 SV=1	30.36	59.5041322314049	7	30	7	65.91		Carboxyethyl [K33; K39]	00-data-raw/Donnellan et al. - 2022/Supplementary S2. Full list of MGO modified proteins.xlsx	WIL2-NS	398
P52565	Rho GDP-dissociation inhibitor 1 OS=Homo sapiens OX=9606 GN=ARHGDIA PE=1 SV=3	177.951	75	23	145	23	412.37		Carboxyethyl [K33]	00-data-raw/Donnellan et al. - 2022/Supplementary S2. Full list of MGO modified proteins.xlsx	WIL2-NS	399
Q8N4T4	Rho guanine nucleotide exchange factor 39 OS=Homo sapiens OX=9606 GN=ARHGEF39 PE=1 SV=1	9.773	13.1343283582089	3	8	3	10.14		Carboxyethyl [R185]	00-data-raw/Donnellan et al. - 2022/Supplementary S2. Full list of MGO modified proteins.xlsx	WIL2-NS	400
O75116	Rho-associated protein kinase 2 OS=Homo sapiens OX=9606 GN=ROCK2 PE=1 SV=4	62.77	17.579250720461	22	44	17	64.51		Carboxyethyl [K739; R744; K747; K749]	00-data-raw/Donnellan et al. - 2022/Supplementary S2. Full list of MGO modified proteins.xlsx	WIL2-NS	401
Q8N0T1	Ribosomal biogenesis factor OS=Homo sapiens OX=9606 GN=RBIS PE=1 SV=4	16.004	31	4	9	4	12.89		Carboxyethyl [K46]	00-data-raw/Donnellan et al. - 2022/Supplementary S2. Full list of MGO modified proteins.xlsx	WIL2-NS	402
Q92979	Ribosomal RNA small subunit methyltransferase NEP1 OS=Homo sapiens OX=9606 GN=EMG1 PE=1 SV=4	82.829	67.6229508196721	17	108	17	238.76	MG-H [R187]		00-data-raw/Donnellan et al. - 2022/Supplementary S2. Full list of MGO modified proteins.xlsx	WIL2-NS	403
Q96E39	RNA binding motif protein, X-linked-like-1 OS=Homo sapiens OX=9606 GN=RBMXL1 PE=1 SV=1	187.974	59.2307692307692	34	266	4	566.09		Carboxyethyl [R49]	00-data-raw/Donnellan et al. - 2022/Supplementary S2. Full list of MGO modified proteins.xlsx	WIL2-NS	404
Q08J23	RNA cytosine C(5)-methyltransferase NSUN2 OS=Homo sapiens OX=9606 GN=NSUN2 PE=1 SV=2	321.945	67.4054758800521	58	368	58	934.85		Carboxyethyl [K586]	00-data-raw/Donnellan et al. - 2022/Supplementary S2. Full list of MGO modified proteins.xlsx	WIL2-NS	405
P55199	RNA polymerase II elongation factor ELL OS=Homo sapiens OX=9606 GN=ELL PE=1 SV=1	34.715	21.4170692431562	13	34	13	37.43		Carboxyethyl [K231]	00-data-raw/Donnellan et al. - 2022/Supplementary S2. Full list of MGO modified proteins.xlsx	WIL2-NS	406
P38159	RNA-binding motif protein, X chromosome OS=Homo sapiens OX=9606 GN=RBMX PE=1 SV=3	258.893	69.0537084398977	44	342	14	693.08		Carboxyethyl [R49]	00-data-raw/Donnellan et al. - 2022/Supplementary S2. Full list of MGO modified proteins.xlsx	WIL2-NS	407
Q9Y388	RNA-binding motif protein, X-linked 2 OS=Homo sapiens OX=9606 GN=RBMX2 PE=1 SV=2	21.605	22.0496894409937	7	20	7	47.48		Carboxyethyl [K8]	00-data-raw/Donnellan et al. - 2022/Supplementary S2. Full list of MGO modified proteins.xlsx	WIL2-NS	408
Q96EV2	RNA-binding protein 33 OS=Homo sapiens OX=9606 GN=RBM33 PE=1 SV=3	74.962	20.5982905982905	16	64	16	158.15		Carboxyethyl [K793]	00-data-raw/Donnellan et al. - 2022/Supplementary S2. Full list of MGO modified proteins.xlsx	WIL2-NS	409
A2A2V2	RNA-binding protein 34 (Fragment) OS=Homo sapiens OX=9606 GN=RBM34 PE=1 SV=1	72.192	41.9117647058823	17	58	2	132.5		Carboxyethyl [K197]	00-data-raw/Donnellan et al. - 2022/Supplementary S2. Full list of MGO modified proteins.xlsx	WIL2-NS	410
P35637	RNA-binding protein FUS OS=Homo sapiens OX=9606 GN=FUS PE=1 SV=1	176.939	33.8403041825095	30	189	25	536.64		Carboxyethyl [K357]	00-data-raw/Donnellan et al. - 2022/Supplementary S2. Full list of MGO modified proteins.xlsx	WIL2-NS	411
Q9Y3I0	RNA-splicing ligase RtcB homolog OS=Homo sapiens OX=9606 GN=RTCB PE=1 SV=1	276.325	68.3168316831683	52	355	52	929.46		Carboxyethyl [K496]	00-data-raw/Donnellan et al. - 2022/Supplementary S2. Full list of MGO modified proteins.xlsx	WIL2-NS	412
Q9HC36	rRNA methyltransferase 3, mitochondrial OS=Homo sapiens OX=9606 GN=MRM3 PE=1 SV=2	60.448	33.3333333333333	16	83	16	153.59		Carboxyethyl [K51]	00-data-raw/Donnellan et al. - 2022/Supplementary S2. Full list of MGO modified proteins.xlsx	WIL2-NS	413
A0A0X1KG73	Ryanodine receptor 3 OS=Homo sapiens OX=9606 GN=RYR3 PE=1 SV=1	3.724	0.677757239679605	2	2	2	0		Carboxyethyl [K1836; K1842]	00-data-raw/Donnellan et al. - 2022/Supplementary S2. Full list of MGO modified proteins.xlsx	WIL2-NS	414
P16615	Sarcoplasmic/endoplasmic reticulum calcium ATPase 2 OS=Homo sapiens OX=9606 GN=ATP2A2 PE=1 SV=1	268.318	36.852207293666	48	312	40	740.29		Carboxyethyl [R164; R619]	00-data-raw/Donnellan et al. - 2022/Supplementary S2. Full list of MGO modified proteins.xlsx	WIL2-NS	415
P57772	Selenocysteine-specific elongation factor OS=Homo sapiens OX=9606 GN=EEFSEC PE=1 SV=4	80.409	36.5771812080536	19	75	19	166.05		Carboxyethyl [K166; K169]	00-data-raw/Donnellan et al. - 2022/Supplementary S2. Full list of MGO modified proteins.xlsx	WIL2-NS	416
Q9BRL6	Serine/arginine-rich splicing factor 8 OS=Homo sapiens OX=9606 GN=SRSF8 PE=1 SV=1	25.968	28.0141843971631	7	42	5	83.53		Carboxyethyl [K17]	00-data-raw/Donnellan et al. - 2022/Supplementary S2. Full list of MGO modified proteins.xlsx	WIL2-NS	417
J3KP15	Serine/arginine-rich-splicing factor 2 (Fragment) OS=Homo sapiens OX=9606 GN=SRSF2 PE=1 SV=8	135.251	72.1804511278195	16	182	14	507.32	MG-H [R5]		00-data-raw/Donnellan et al. - 2022/Supplementary S2. Full list of MGO modified proteins.xlsx	WIL2-NS	418
Q8N1F8	Serine/threonine-protein kinase 11-interacting protein OS=Homo sapiens OX=9606 GN=STK11IP PE=1 SV=4	44.565	12.1323529411764	13	41	13	78.9		Carboxyethyl [R579]	00-data-raw/Donnellan et al. - 2022/Supplementary S2. Full list of MGO modified proteins.xlsx	WIL2-NS	419
Q96Q15	Serine/threonine-protein kinase SMG1 OS=Homo sapiens OX=9606 GN=SMG1 PE=1 SV=3	84.582	8.13985249931712	25	40	25	51.85		Carboxyethyl [K3590]	00-data-raw/Donnellan et al. - 2022/Supplementary S2. Full list of MGO modified proteins.xlsx	WIL2-NS	420
Q96QC0	Serine/threonine-protein phosphatase 1 regulatory subunit 10 OS=Homo sapiens OX=9606 GN=PPP1R10 PE=1 SV=1	92.652	26.1702127659574	22	93	22	220.41	MG-H [R435]	Carboxyethyl [K434]	00-data-raw/Donnellan et al. - 2022/Supplementary S2. Full list of MGO modified proteins.xlsx	WIL2-NS	421
O15084	Serine/threonine-protein phosphatase 6 regulatory ankyrin repeat subunit A OS=Homo sapiens OX=9606 GN=ANKRD28 PE=1 SV=5	149.901	28.395061728395	24	96	22	277.51		Carboxyethyl [K367; R368]	00-data-raw/Donnellan et al. - 2022/Supplementary S2. Full list of MGO modified proteins.xlsx	WIL2-NS	422
P62136	Serine/threonine-protein phosphatase PP1-alpha catalytic subunit OS=Homo sapiens OX=9606 GN=PPP1CA PE=1 SV=1	125.85	61.2121212121212	25	107	7	256.91	MG-H [R96]	Carboxyethyl [K113]	00-data-raw/Donnellan et al. - 2022/Supplementary S2. Full list of MGO modified proteins.xlsx	WIL2-NS	423
P62140	Serine/threonine-protein phosphatase PP1-beta catalytic subunit OS=Homo sapiens OX=9606 GN=PPP1CB PE=1 SV=3	138.459	52.2935779816513	22	168	8	376.96		Carboxyethyl [K25; K112]	00-data-raw/Donnellan et al. - 2022/Supplementary S2. Full list of MGO modified proteins.xlsx	WIL2-NS	424
Q8IYR2	SET and MYND domain-containing protein 4 OS=Homo sapiens OX=9606 GN=SMYD4 PE=2 SV=3	5.007	2.86069651741293	2	2	2	1.86	MG-H [R148]	Carboxyethyl [K149]	00-data-raw/Donnellan et al. - 2022/Supplementary S2. Full list of MGO modified proteins.xlsx	WIL2-NS	425
Q5T123	SH3 domain-binding glutamic acid-rich-like protein 3 OS=Homo sapiens OX=9606 GN=SH3BGRL3 PE=1 SV=1	36.761	60.2272727272727	7	38	7	91.27		Carboxyethyl [R5]	00-data-raw/Donnellan et al. - 2022/Supplementary S2. Full list of MGO modified proteins.xlsx	WIL2-NS	426
A0A087WYR0	Signal recognition particle 19 kDa protein OS=Homo sapiens OX=9606 GN=SRP19 PE=1 SV=1	59.869	71.6666666666666	10	33	10	106.99		Carboxyethyl [R14]	00-data-raw/Donnellan et al. - 2022/Supplementary S2. Full list of MGO modified proteins.xlsx	WIL2-NS	427
O75886	Signal transducing adapter molecule 2 OS=Homo sapiens OX=9606 GN=STAM2 PE=1 SV=1	23.237	12.5714285714285	6	16	4	32.62		Carboxyethyl [K165]	00-data-raw/Donnellan et al. - 2022/Supplementary S2. Full list of MGO modified proteins.xlsx	WIL2-NS	428
Q9NTI5	Sister chromatid cohesion protein PDS5 homolog B OS=Homo sapiens OX=9606 GN=PDS5B PE=1 SV=1	230.77	34.5542501727712	51	144	45	292.59		Carboxyethyl [K497]	00-data-raw/Donnellan et al. - 2022/Supplementary S2. Full list of MGO modified proteins.xlsx	WIL2-NS	429
P14678	Small nuclear ribonucleoprotein-associated proteins B and B' OS=Homo sapiens OX=9606 GN=SNRPB PE=1 SV=2	85.802	44.1666666666666	16	135	16	331.6		Carboxyethyl [R108]	00-data-raw/Donnellan et al. - 2022/Supplementary S2. Full list of MGO modified proteins.xlsx	WIL2-NS	430
Q96NL6	Sodium channel and clathrin linker 1 OS=Homo sapiens OX=9606 GN=SCLT1 PE=1 SV=2	4.874	3.34302325581395	2	5	2	5.07	MG-H [R458]	Carboxyethyl [K460]	00-data-raw/Donnellan et al. - 2022/Supplementary S2. Full list of MGO modified proteins.xlsx	WIL2-NS	431
P05023	Sodium/potassium-transporting ATPase subunit alpha-1 OS=Homo sapiens OX=9606 GN=ATP1A1 PE=1 SV=1	395.644	48.8758553274682	64	465	52	1244.56	MG-H [R940; R941]		00-data-raw/Donnellan et al. - 2022/Supplementary S2. Full list of MGO modified proteins.xlsx	WIL2-NS	432
Q8TEQ0	Sorting nexin-29 OS=Homo sapiens OX=9606 GN=SNX29 PE=1 SV=3	11.012	8.9790897908979	5	7	5	9.34		Carboxyethyl [R785]	00-data-raw/Donnellan et al. - 2022/Supplementary S2. Full list of MGO modified proteins.xlsx	WIL2-NS	433
Q13813	Spectrin alpha chain, non-erythrocytic 1 OS=Homo sapiens OX=9606 GN=SPTAN1 PE=1 SV=3	807.222	47.4919093851132	140	681	140	1841.42	MG-H [R1225; R1237]		00-data-raw/Donnellan et al. - 2022/Supplementary S2. Full list of MGO modified proteins.xlsx	WIL2-NS	434
Q01082	Spectrin beta chain, non-erythrocytic 1 OS=Homo sapiens OX=9606 GN=SPTBN1 PE=1 SV=2	691.947	52.7495769881556	126	411	10	1122.55	MG-H [R1270; R1275]	Carboxyethyl [K1272; K1279]	00-data-raw/Donnellan et al. - 2022/Supplementary S2. Full list of MGO modified proteins.xlsx	WIL2-NS	435
P19623	Spermidine synthase OS=Homo sapiens OX=9606 GN=SRM PE=1 SV=1	171.852	52.9801324503311	22	201	22	607.31		Carboxyethyl [R285]	00-data-raw/Donnellan et al. - 2022/Supplementary S2. Full list of MGO modified proteins.xlsx	WIL2-NS	436
O75533	Splicing factor 3B subunit 1 OS=Homo sapiens OX=9606 GN=SF3B1 PE=1 SV=3	532.584	54.8312883435582	89	458	89	1189.13	MG-H [R334; R337]	Carboxyethyl [K22; K335]	00-data-raw/Donnellan et al. - 2022/Supplementary S2. Full list of MGO modified proteins.xlsx	WIL2-NS	437
H0YEX5	Splicing factor 3B subunit 2 (Fragment) OS=Homo sapiens OX=9606 GN=SF3B2 PE=1 SV=1	118.541	54.9206349206349	19	129	2	374.24		Carboxyethyl [K191]	00-data-raw/Donnellan et al. - 2022/Supplementary S2. Full list of MGO modified proteins.xlsx	WIL2-NS	438
P23246	Splicing factor, proline- and glutamine-rich OS=Homo sapiens OX=9606 GN=SFPQ PE=1 SV=2	627.68	69.5898161244695	91	931	88	2351.87	MG-H [R44; R296; R298]	Carboxyethyl [R44; R430]	00-data-raw/Donnellan et al. - 2022/Supplementary S2. Full list of MGO modified proteins.xlsx	WIL2-NS	439
P16949	Stathmin OS=Homo sapiens OX=9606 GN=STMN1 PE=1 SV=3	232.313	98.6577181208053	39	425	39	1024.22		Carboxyethyl [K13; R14]	00-data-raw/Donnellan et al. - 2022/Supplementary S2. Full list of MGO modified proteins.xlsx	WIL2-NS	440
Q5K651	Sterile alpha motif domain-containing protein 9 OS=Homo sapiens OX=9606 GN=SAMD9 PE=1 SV=1	19.339	4.27942101950912	7	13	7	17.78		Carboxyethyl [K1519]	00-data-raw/Donnellan et al. - 2022/Supplementary S2. Full list of MGO modified proteins.xlsx	WIL2-NS	441
P38646	Stress-70 protein, mitochondrial OS=Homo sapiens OX=9606 GN=HSPA9 PE=1 SV=2	569.251	73.0486008836524	85	599	84	1859.71	MG-H [R360; R361]	Carboxyethyl [K187]	00-data-raw/Donnellan et al. - 2022/Supplementary S2. Full list of MGO modified proteins.xlsx	WIL2-NS	442
Q9HCN8	Stromal cell-derived factor 2-like protein 1 OS=Homo sapiens OX=9606 GN=SDF2L1 PE=1 SV=2	73.072	64.2533936651583	13	72	13	199.01		Carboxyethyl [R161]	00-data-raw/Donnellan et al. - 2022/Supplementary S2. Full list of MGO modified proteins.xlsx	WIL2-NS	443
Q13586	Stromal interaction molecule 1 OS=Homo sapiens OX=9606 GN=STIM1 PE=1 SV=3	255.572	57.5182481751824	38	165	38	427.56		Carboxyethyl [K333]	00-data-raw/Donnellan et al. - 2022/Supplementary S2. Full list of MGO modified proteins.xlsx	WIL2-NS	444
Q8WU79	Stromal membrane-associated protein 2 OS=Homo sapiens OX=9606 GN=SMAP2 PE=1 SV=1	50.392	26.8065268065268	11	47	10	110.76	MG-H [R134]		00-data-raw/Donnellan et al. - 2022/Supplementary S2. Full list of MGO modified proteins.xlsx	WIL2-NS	445
O95347	Structural maintenance of chromosomes protein 2 OS=Homo sapiens OX=9606 GN=SMC2 PE=1 SV=2	292.776	45.5304928989139	63	187	63	435.68		Carboxyethyl [K422; K424; K682]	00-data-raw/Donnellan et al. - 2022/Supplementary S2. Full list of MGO modified proteins.xlsx	WIL2-NS	446
Q9UQE7	Structural maintenance of chromosomes protein 3 OS=Homo sapiens OX=9606 GN=SMC3 PE=1 SV=2	455.056	52.834839769926	75	391	75	1029.21	MG-H [R295]		00-data-raw/Donnellan et al. - 2022/Supplementary S2. Full list of MGO modified proteins.xlsx	WIL2-NS	447
Q9UH99	SUN domain-containing protein 2 OS=Homo sapiens OX=9606 GN=SUN2 PE=1 SV=3	51.871	18.6889818688981	11	47	10	82.21	MG-H [R486]		00-data-raw/Donnellan et al. - 2022/Supplementary S2. Full list of MGO modified proteins.xlsx	WIL2-NS	448
Q9NQ55	Suppressor of SWI4 1 homolog OS=Homo sapiens OX=9606 GN=PPAN PE=2 SV=1	64.843	36.1522198731501	15	41	15	81.95		Carboxyethyl [K90]	00-data-raw/Donnellan et al. - 2022/Supplementary S2. Full list of MGO modified proteins.xlsx	WIL2-NS	449
Q7Z422	SUZ domain-containing protein 1 OS=Homo sapiens OX=9606 GN=SZRD1 PE=1 SV=1	75.311	65.1315789473684	14	76	14	184.32		Carboxyethyl [R130; R137]	00-data-raw/Donnellan et al. - 2022/Supplementary S2. Full list of MGO modified proteins.xlsx	WIL2-NS	450
Q9P0W2	SWI/SNF-related matrix-associated actin-dependent regulator of chromatin subfamily E member 1-related OS=Homo sapiens OX=9606 GN=HMG20B PE=1 SV=1	31.445	28.7066246056782	9	19	9	35.27		Carboxyethyl [R118]	00-data-raw/Donnellan et al. - 2022/Supplementary S2. Full list of MGO modified proteins.xlsx	WIL2-NS	451
Q6SJ96	TATA box-binding protein-like protein 2 OS=Homo sapiens OX=9606 GN=TBPL2 PE=2 SV=1	5.452	6.66666666666666	2	5	2	1.8		Carboxyethyl [K370]	00-data-raw/Donnellan et al. - 2022/Supplementary S2. Full list of MGO modified proteins.xlsx	WIL2-NS	452
Q92804	TATA-binding protein-associated factor 2N OS=Homo sapiens OX=9606 GN=TAF15 PE=1 SV=1	146.845	36.1486486486486	26	382	21	787.04		Carboxyethyl [K306]	00-data-raw/Donnellan et al. - 2022/Supplementary S2. Full list of MGO modified proteins.xlsx	WIL2-NS	453
P78371	T-complex protein 1 subunit beta OS=Homo sapiens OX=9606 GN=CCT2 PE=1 SV=4	368.025	78.3177570093457	60	344	60	923.4		Carboxyethyl [K50]	00-data-raw/Donnellan et al. - 2022/Supplementary S2. Full list of MGO modified proteins.xlsx	WIL2-NS	454
P48643	T-complex protein 1 subunit epsilon OS=Homo sapiens OX=9606 GN=CCT5 PE=1 SV=1	575.642	79.8521256931608	77	670	76	1745.01		Carboxyethyl [K170; K226]	00-data-raw/Donnellan et al. - 2022/Supplementary S2. Full list of MGO modified proteins.xlsx	WIL2-NS	455
P50990	T-complex protein 1 subunit theta OS=Homo sapiens OX=9606 GN=CCT8 PE=1 SV=4	578.651	78.8321167883211	76	729	8	2089.66		Carboxyethyl [K400]	00-data-raw/Donnellan et al. - 2022/Supplementary S2. Full list of MGO modified proteins.xlsx	WIL2-NS	456
Q5UIP0	Telomere-associated protein RIF1 OS=Homo sapiens OX=9606 GN=RIF1 PE=1 SV=2	154.657	19.5792880258899	38	72	38	167.1		Carboxyethyl [K1958; K1962]	00-data-raw/Donnellan et al. - 2022/Supplementary S2. Full list of MGO modified proteins.xlsx	WIL2-NS	457
O95881	Thioredoxin domain-containing protein 12 OS=Homo sapiens OX=9606 GN=TXNDC12 PE=1 SV=1	73.052	59.3023255813953	13	72	13	169.46	MG-H [R157]	Carboxyethyl [K152]	00-data-raw/Donnellan et al. - 2022/Supplementary S2. Full list of MGO modified proteins.xlsx	WIL2-NS	458
P10599	Thioredoxin OS=Homo sapiens OX=9606 GN=TXN PE=1 SV=3	99.048	62.8571428571428	15	147	15	302.86		Carboxyethyl [K39]	00-data-raw/Donnellan et al. - 2022/Supplementary S2. Full list of MGO modified proteins.xlsx	WIL2-NS	459
Q86V81	THO complex subunit 4 OS=Homo sapiens OX=9606 GN=ALYREF PE=1 SV=3	103.647	54.8638132295719	16	116	16	305.06	MG-H [R190]		00-data-raw/Donnellan et al. - 2022/Supplementary S2. Full list of MGO modified proteins.xlsx	WIL2-NS	460
Q15643	Thyroid receptor-interacting protein 11 OS=Homo sapiens OX=9606 GN=TRIP11 PE=1 SV=3	26.014	5.05305709954522	8	17	8	31.87		Carboxyethyl [K219; K1887]	00-data-raw/Donnellan et al. - 2022/Supplementary S2. Full list of MGO modified proteins.xlsx	WIL2-NS	461
Q8WZ42	Titin OS=Homo sapiens OX=9606 GN=TTN PE=1 SV=4	4.949	0.0669577874818049	3	13	2	8.18		Carboxyethyl [R34252]	00-data-raw/Donnellan et al. - 2022/Supplementary S2. Full list of MGO modified proteins.xlsx	WIL2-NS	462
Q9UKE5	TRAF2 and NCK-interacting protein kinase OS=Homo sapiens OX=9606 GN=TNIK PE=1 SV=1	282.068	44.3382352941176	56	286	41	698.96		Carboxyethyl [K617]	00-data-raw/Donnellan et al. - 2022/Supplementary S2. Full list of MGO modified proteins.xlsx	WIL2-NS	463
P37837	Transaldolase OS=Homo sapiens OX=9606 GN=TALDO1 PE=1 SV=2	228.884	64.6884272997032	33	220	33	546.18		Carboxyethyl [K286]	00-data-raw/Donnellan et al. - 2022/Supplementary S2. Full list of MGO modified proteins.xlsx	WIL2-NS	464
P51532	Transcription activator BRG1 OS=Homo sapiens OX=9606 GN=SMARCA4 PE=1 SV=2	268.722	32.1797207043108	54	280	35	680.51	MG-H [R1200; R1203]		00-data-raw/Donnellan et al. - 2022/Supplementary S2. Full list of MGO modified proteins.xlsx	WIL2-NS	465
D6R992	Transcription factor RelB OS=Homo sapiens OX=9606 GN=RELB PE=1 SV=1	26.196	14.4097222222222	7	30	6	24.7		Carboxyethyl [R238]	00-data-raw/Donnellan et al. - 2022/Supplementary S2. Full list of MGO modified proteins.xlsx	WIL2-NS	466
Q13263	Transcription intermediary factor 1-beta OS=Homo sapiens OX=9606 GN=TRIM28 PE=1 SV=5	472.784	73.5329341317365	72	612	34	1541.93	MG-H [R32]		00-data-raw/Donnellan et al. - 2022/Supplementary S2. Full list of MGO modified proteins.xlsx	WIL2-NS	467
P46100	Transcriptional regulator ATRX OS=Homo sapiens OX=9606 GN=ATRX PE=1 SV=5	23.068	4.65489566613162	8	12	8	21.37		Carboxyethyl [K956; K967]	00-data-raw/Donnellan et al. - 2022/Supplementary S2. Full list of MGO modified proteins.xlsx	WIL2-NS	468
P62995	Transformer-2 protein homolog beta OS=Homo sapiens OX=9606 GN=TRA2B PE=1 SV=1	130.242	54.1666666666666	29	155	23	337.54		Carboxyethyl [R198]	00-data-raw/Donnellan et al. - 2022/Supplementary S2. Full list of MGO modified proteins.xlsx	WIL2-NS	469
P37802	Transgelin-2 OS=Homo sapiens OX=9606 GN=TAGLN2 PE=1 SV=3	270.598	76.3819095477386	32	287	32	958.31		Carboxyethyl [R4; K20]	00-data-raw/Donnellan et al. - 2022/Supplementary S2. Full list of MGO modified proteins.xlsx	WIL2-NS	470
E9PSI1	Transmembrane 9 superfamily member OS=Homo sapiens OX=9606 PE=3 SV=1	86.074	20.9815950920245	21	75	20	172.07	MG-H [R296]		00-data-raw/Donnellan et al. - 2022/Supplementary S2. Full list of MGO modified proteins.xlsx	WIL2-NS	471
Q9BVK6	Transmembrane emp24 domain-containing protein 9 OS=Homo sapiens OX=9606 GN=TMED9 PE=1 SV=2	123.788	42.5531914893617	19	113	18	395.11		Carboxyethyl [R73]	00-data-raw/Donnellan et al. - 2022/Supplementary S2. Full list of MGO modified proteins.xlsx	WIL2-NS	472
E7ETY2	Treacle protein OS=Homo sapiens OX=9606 GN=TCOF1 PE=1 SV=1	225.088	32.0564516129032	52	131	2	334.84		Carboxyethyl [K732]	00-data-raw/Donnellan et al. - 2022/Supplementary S2. Full list of MGO modified proteins.xlsx	WIL2-NS	473
H9KVB4	Trinucleotide repeat-containing gene 18 protein OS=Homo sapiens OX=9606 GN=TNRC18 PE=1 SV=1	3.982	1.1455525606469	2	4	2	4.33		Carboxyethyl [R1931]	00-data-raw/Donnellan et al. - 2022/Supplementary S2. Full list of MGO modified proteins.xlsx	WIL2-NS	474
Q3LXA3	Triokinase/FMN cyclase OS=Homo sapiens OX=9606 GN=TKFC PE=1 SV=2	109.022	33.5652173913043	22	109	22	251.88	MG-H [R39]		00-data-raw/Donnellan et al. - 2022/Supplementary S2. Full list of MGO modified proteins.xlsx	WIL2-NS	475
Q5VZU9	Tripeptidyl-peptidase 2 OS=Homo sapiens OX=9606 GN=TPP2 PE=1 SV=1	488.864	60.5388272583201	85	578	2	1365.58	MG-H [R312]	Carboxyethyl [R300; K997]	00-data-raw/Donnellan et al. - 2022/Supplementary S2. Full list of MGO modified proteins.xlsx	WIL2-NS	476
O75962	Triple functional domain protein OS=Homo sapiens OX=9606 GN=TRIO PE=1 SV=2	9.421	2.0988052954472	4	6	2	5.13	MG-H [R1688; R1699]		00-data-raw/Donnellan et al. - 2022/Supplementary S2. Full list of MGO modified proteins.xlsx	WIL2-NS	477
Q9NXH9	tRNA (guanine(26)-N(2))-dimethyltransferase OS=Homo sapiens OX=9606 GN=TRMT1 PE=1 SV=1	84.67	33.9908952959028	19	99	19	187.96		Carboxyethyl [K361]	00-data-raw/Donnellan et al. - 2022/Supplementary S2. Full list of MGO modified proteins.xlsx	WIL2-NS	478
F8VWV9	Tubulin alpha-1B chain (Fragment) OS=Homo sapiens OX=9606 GN=TUBA1B PE=1 SV=1	115.315	91.358024691358	14	148	2	566.83		Carboxyethyl [K5]	00-data-raw/Donnellan et al. - 2022/Supplementary S2. Full list of MGO modified proteins.xlsx	WIL2-NS	479
P68363	Tubulin alpha-1B chain OS=Homo sapiens OX=9606 GN=TUBA1B PE=1 SV=1	532.07	81.1529933481153	61	944	4	2804.08	MG-H [R84]	Carboxyethyl [R84; R390; R422]	00-data-raw/Donnellan et al. - 2022/Supplementary S2. Full list of MGO modified proteins.xlsx	WIL2-NS	480
Q9BQE3	Tubulin alpha-1C chain OS=Homo sapiens OX=9606 GN=TUBA1C PE=1 SV=1	503.474	81.0690423162583	60	833	4	2414.31	MG-H [R84]	Carboxyethyl [R84; K304; R308; R390; R422]	00-data-raw/Donnellan et al. - 2022/Supplementary S2. Full list of MGO modified proteins.xlsx	WIL2-NS	481
P68366	Tubulin alpha-4A chain OS=Homo sapiens OX=9606 GN=TUBA4A PE=1 SV=1	456.449	70.0892857142857	55	852	13	2589.33		Carboxyethyl [R390; R422]	00-data-raw/Donnellan et al. - 2022/Supplementary S2. Full list of MGO modified proteins.xlsx	WIL2-NS	482
Q5ST81	Tubulin beta chain OS=Homo sapiens OX=9606 GN=TUBB PE=1 SV=1	235.471	66.6666666666666	40	474	2	1031.47	MG-H [R204; R318]	Carboxyethyl [R5; R204]	00-data-raw/Donnellan et al. - 2022/Supplementary S2. Full list of MGO modified proteins.xlsx	WIL2-NS	483
Q13885	Tubulin beta-2A chain OS=Homo sapiens OX=9606 GN=TUBB2A PE=1 SV=1	313.913	61.7977528089887	44	885	4	1976.94	MG-H [R276; R282; R390]	Carboxyethyl [R276; R282]	00-data-raw/Donnellan et al. - 2022/Supplementary S2. Full list of MGO modified proteins.xlsx	WIL2-NS	484
Q13509	Tubulin beta-3 chain OS=Homo sapiens OX=9606 GN=TUBB3 PE=1 SV=2	198.079	41.7777777777777	30	490	5	1115.91	MG-H [R46; R390]		00-data-raw/Donnellan et al. - 2022/Supplementary S2. Full list of MGO modified proteins.xlsx	WIL2-NS	485
P68371	Tubulin beta-4B chain OS=Homo sapiens OX=9606 GN=TUBB4B PE=1 SV=1	403.954	71.4606741573033	52	1071	3	2490.53	MG-H [R276; R282; R390]	Carboxyethyl [R276; R282]	00-data-raw/Donnellan et al. - 2022/Supplementary S2. Full list of MGO modified proteins.xlsx	WIL2-NS	486
P42680	Tyrosine-protein kinase Tec OS=Homo sapiens OX=9606 GN=TEC PE=1 SV=2	3.603	3.01109350237717	2	2	2	0	MG-H [R262]	Carboxyethyl [R273]	00-data-raw/Donnellan et al. - 2022/Supplementary S2. Full list of MGO modified proteins.xlsx	WIL2-NS	487
P54577	Tyrosine--tRNA ligase, cytoplasmic OS=Homo sapiens OX=9606 GN=YARS1 PE=1 SV=4	507.242	79.1666666666666	76	619	76	1708.95		Carboxyethyl [K147]	00-data-raw/Donnellan et al. - 2022/Supplementary S2. Full list of MGO modified proteins.xlsx	WIL2-NS	488
Q6ZU65	Ubinuclein-2 OS=Homo sapiens OX=9606 GN=UBN2 PE=1 SV=2	5.56	1.48478099480326	2	6	2	10.87		Carboxyethyl [K333]	00-data-raw/Donnellan et al. - 2022/Supplementary S2. Full list of MGO modified proteins.xlsx	WIL2-NS	489
P62068	Ubiquitin carboxyl-terminal hydrolase 46 OS=Homo sapiens OX=9606 GN=USP46 PE=1 SV=1	4.488	7.92349726775956	2	5	2	5.45		Carboxyethyl [R4; K21]	00-data-raw/Donnellan et al. - 2022/Supplementary S2. Full list of MGO modified proteins.xlsx	WIL2-NS	490
P45974	Ubiquitin carboxyl-terminal hydrolase 5 OS=Homo sapiens OX=9606 GN=USP5 PE=1 SV=2	244.095	43.3566433566433	49	300	46	766.72	MG-H [R68]	Carboxyethyl [K470]	00-data-raw/Donnellan et al. - 2022/Supplementary S2. Full list of MGO modified proteins.xlsx	WIL2-NS	491
P62979	Ubiquitin-40S ribosomal protein S27a OS=Homo sapiens OX=9606 GN=RPS27A PE=1 SV=2	144.319	81.4102564102564	23	184	15	440.31		Carboxyethyl [K152]	00-data-raw/Donnellan et al. - 2022/Supplementary S2. Full list of MGO modified proteins.xlsx	WIL2-NS	492
P61088	Ubiquitin-conjugating enzyme E2 N OS=Homo sapiens OX=9606 GN=UBE2N PE=1 SV=1	108.154	71.7105263157894	22	190	22	463.67		Carboxyethyl [K94]	00-data-raw/Donnellan et al. - 2022/Supplementary S2. Full list of MGO modified proteins.xlsx	WIL2-NS	493
P49427	Ubiquitin-conjugating enzyme E2 R1 OS=Homo sapiens OX=9606 GN=CDC34 PE=1 SV=2	8.584	11.0169491525423	3	10	2	12.25	MG-H [R3]		00-data-raw/Donnellan et al. - 2022/Supplementary S2. Full list of MGO modified proteins.xlsx	WIL2-NS	494
Q9Y3C8	Ubiquitin-fold modifier-conjugating enzyme 1 OS=Homo sapiens OX=9606 GN=UFC1 PE=1 SV=3	51.107	54.4910179640718	10	52	10	119.13		Carboxyethyl [K164]	00-data-raw/Donnellan et al. - 2022/Supplementary S2. Full list of MGO modified proteins.xlsx	WIL2-NS	495
Q04323	UBX domain-containing protein 1 OS=Homo sapiens OX=9606 GN=UBXN1 PE=1 SV=2	113.177	71.043771043771	22	131	22	260.91		Carboxyethyl [R145]	00-data-raw/Donnellan et al. - 2022/Supplementary S2. Full list of MGO modified proteins.xlsx	WIL2-NS	496
Q9NYU2	UDP-glucose:glycoprotein glucosyltransferase 1 OS=Homo sapiens OX=9606 GN=UGGT1 PE=1 SV=3	221.089	30.9324758842443	46	198	46	419.17	MG-H [R1272]		00-data-raw/Donnellan et al. - 2022/Supplementary S2. Full list of MGO modified proteins.xlsx	WIL2-NS	497
Q16222	UDP-N-acetylhexosamine pyrophosphorylase OS=Homo sapiens OX=9606 GN=UAP1 PE=1 SV=3	116.024	50.3831417624521	25	104	23	231.56		Carboxyethyl [K207]	00-data-raw/Donnellan et al. - 2022/Supplementary S2. Full list of MGO modified proteins.xlsx	WIL2-NS	498
A0A087WT57	Uncharacterized protein (Fragment) OS=Homo sapiens OX=9606 PE=4 SV=6	9.321	24.2603550295858	3	8	2	11.77	MG-H [R77]	Carboxyethyl [R80]	00-data-raw/Donnellan et al. - 2022/Supplementary S2. Full list of MGO modified proteins.xlsx	WIL2-NS	499
Q5SNV9	Uncharacterized protein C1orf167 OS=Homo sapiens OX=9606 GN=C1orf167 PE=2 SV=2	4.441	1.36239782016348	2	5	2	6.36		Carboxyethyl [R1086]	00-data-raw/Donnellan et al. - 2022/Supplementary S2. Full list of MGO modified proteins.xlsx	WIL2-NS	500
A0A0B4J2E5	Uncharacterized protein OS=Homo sapiens OX=9606 GN=LOC102724159 PE=1 SV=1	67.169	23.5038084874864	18	78	18	137.96		Carboxyethyl [R661; K662; R690]	00-data-raw/Donnellan et al. - 2022/Supplementary S2. Full list of MGO modified proteins.xlsx	WIL2-NS	501
H3BNC9	Uncharacterized protein OS=Homo sapiens OX=9606 PE=3 SV=2	115.08	14.5547945205479	19	174	19	423.36	MG-H [R496]		00-data-raw/Donnellan et al. - 2022/Supplementary S2. Full list of MGO modified proteins.xlsx	WIL2-NS	502
Q12965	Unconventional myosin-Ie OS=Homo sapiens OX=9606 GN=MYO1E PE=1 SV=2	83.216	25.3610108303249	22	50	22	102.36		Carboxyethyl [K510]	00-data-raw/Donnellan et al. - 2022/Supplementary S2. Full list of MGO modified proteins.xlsx	WIL2-NS	503
B0I1T2	Unconventional myosin-Ig OS=Homo sapiens OX=9606 GN=MYO1G PE=1 SV=2	96.862	27.5049115913556	20	80	20	164.25	MG-H [R92; R94]	Carboxyethyl [K90]	00-data-raw/Donnellan et al. - 2022/Supplementary S2. Full list of MGO modified proteins.xlsx	WIL2-NS	504
A0A0J9YW50	Unconventional myosin-XVB OS=Homo sapiens OX=9606 GN=MYO15B PE=1 SV=1	3.487	1.55541153596889	2	2	2	0		Carboxyethyl [R657; K889]	00-data-raw/Donnellan et al. - 2022/Supplementary S2. Full list of MGO modified proteins.xlsx	WIL2-NS	505
Q9H3H3	UPF0696 protein C11orf68 OS=Homo sapiens OX=9606 GN=C11orf68 PE=1 SV=3	41.325	46.917808219178	11	51	11	117.21	MG-H [R14]		00-data-raw/Donnellan et al. - 2022/Supplementary S2. Full list of MGO modified proteins.xlsx	WIL2-NS	506
P46939	Utrophin OS=Homo sapiens OX=9606 GN=UTRN PE=1 SV=2	90.96	9.52519662103116	24	59	24	107.35		Carboxyethyl [K2782]	00-data-raw/Donnellan et al. - 2022/Supplementary S2. Full list of MGO modified proteins.xlsx	WIL2-NS	507
E5RG91	Vacuolar protein sorting-associated protein 37A OS=Homo sapiens OX=9606 GN=VPS37A PE=1 SV=1	6.376	9.14826498422713	2	3	2	5.53	MG-H [R87]		00-data-raw/Donnellan et al. - 2022/Supplementary S2. Full list of MGO modified proteins.xlsx	WIL2-NS	508
P08670	Vimentin OS=Homo sapiens OX=9606 GN=VIM PE=1 SV=4	677.583	93.7768240343347	88	984	83	2761.95	MG-H [R184]	Carboxyethyl [K223]	00-data-raw/Donnellan et al. - 2022/Supplementary S2. Full list of MGO modified proteins.xlsx	WIL2-NS	509
Q9Y277	Voltage-dependent anion-selective channel protein 3 OS=Homo sapiens OX=9606 GN=VDAC3 PE=1 SV=1	196.396	63.6042402826855	24	191	23	561.3		Carboxyethyl [K63]	00-data-raw/Donnellan et al. - 2022/Supplementary S2. Full list of MGO modified proteins.xlsx	WIL2-NS	510
Q6P9F7	Volume-regulated anion channel subunit LRRC8B OS=Homo sapiens OX=9606 GN=LRRC8B PE=1 SV=2	6.224	4.85678704856787	3	4	2	1.64		Carboxyethyl [K639]	00-data-raw/Donnellan et al. - 2022/Supplementary S2. Full list of MGO modified proteins.xlsx	WIL2-NS	511
Q92558	Wiskott-Aldrich syndrome protein family member 1 OS=Homo sapiens OX=9606 GN=WASF1 PE=1 SV=1	29.682	16.8157423971377	8	24	8	64.84		Carboxyethyl [K86; R98; K99]	00-data-raw/Donnellan et al. - 2022/Supplementary S2. Full list of MGO modified proteins.xlsx	WIL2-NS	512
Q2TBF2	WSC domain-containing protein 2 OS=Homo sapiens OX=9606 GN=WSCD2 PE=2 SV=2	3.143	5.48672566371681	2	4	2	7.45	MG-H [R227]	Carboxyethyl [R217; R226; K544; K551]	00-data-raw/Donnellan et al. - 2022/Supplementary S2. Full list of MGO modified proteins.xlsx	WIL2-NS	513
A0A494C165	Xaa-Pro dipeptidase (Fragment) OS=Homo sapiens OX=9606 GN=PEPD PE=1 SV=1	23.655	22.0306513409961	9	15	9	22.3	MG-H [R26; R28]		00-data-raw/Donnellan et al. - 2022/Supplementary S2. Full list of MGO modified proteins.xlsx	WIL2-NS	514
P12956	X-ray repair cross-complementing protein 6 OS=Homo sapiens OX=9606 GN=XRCC6 PE=1 SV=2	333.815	58.1280788177339	58	409	58	1043.23		Carboxyethyl [K591]	00-data-raw/Donnellan et al. - 2022/Supplementary S2. Full list of MGO modified proteins.xlsx	WIL2-NS	515
Q8NBI6	Xyloside xylosyltransferase 1 OS=Homo sapiens OX=9606 GN=XXYLT1 PE=1 SV=1	21.333	15.7760814249363	5	21	5	56.19		Carboxyethyl [K87]	00-data-raw/Donnellan et al. - 2022/Supplementary S2. Full list of MGO modified proteins.xlsx	WIL2-NS	516
Q5T200	Zinc finger CCCH domain-containing protein 13 OS=Homo sapiens OX=9606 GN=ZC3H13 PE=1 SV=1	87.002	13.5491606714628	24	97	24	189.56		Carboxyethyl [K283]	00-data-raw/Donnellan et al. - 2022/Supplementary S2. Full list of MGO modified proteins.xlsx	WIL2-NS	517
J3KNV1	Zinc finger protein 292 OS=Homo sapiens OX=9606 GN=ZNF292 PE=1 SV=1	4.212	1.36129506990434	2	2	2	2.01		Carboxyethyl [R2021]	00-data-raw/Donnellan et al. - 2022/Supplementary S2. Full list of MGO modified proteins.xlsx	WIL2-NS	518
Q5VUA4	Zinc finger protein 318 OS=Homo sapiens OX=9606 GN=ZNF318 PE=1 SV=2	295.835	33.3479596314172	70	328	70	765.47		Carboxyethyl [K435]	00-data-raw/Donnellan et al. - 2022/Supplementary S2. Full list of MGO modified proteins.xlsx	WIL2-NS	519
Q96JM2	Zinc finger protein 462 OS=Homo sapiens OX=9606 GN=ZNF462 PE=1 SV=3	29.133	4.07023144453312	10	18	10	27.27		Carboxyethyl [K1492; K1497]	00-data-raw/Donnellan et al. - 2022/Supplementary S2. Full list of MGO modified proteins.xlsx	WIL2-NS	520
Q96H40	Zinc finger protein 486 OS=Homo sapiens OX=9606 GN=ZNF486 PE=2 SV=4	3.335	5.61555075593952	2	3	2	0		Carboxyethyl [R6]	00-data-raw/Donnellan et al. - 2022/Supplementary S2. Full list of MGO modified proteins.xlsx	WIL2-NS	521
Q92618	Zinc finger protein 516 OS=Homo sapiens OX=9606 GN=ZNF516 PE=1 SV=1	8.449	4.04127257093723	3	9	2	17.36	MG-H [R834]	Carboxyethyl [R837]	00-data-raw/Donnellan et al. - 2022/Supplementary S2. Full list of MGO modified proteins.xlsx	WIL2-NS	522
